Type,NOF,NOM,NOP,NOPF,NOPM,LOC,WMC,NC,DIT,LCOM,Fan-Out,Fan-In
IAlarmProvider,0,0,0,0,0,3,0,1,1,-1,0,4
IAPMCheckOutRecordProvider,0,0,0,0,0,3,0,1,1,-1,0,1
IAPMProvider,0,0,0,0,0,3,0,1,1,-1,0,1
IAPMRefundRecordProvider,0,0,0,0,0,3,0,1,1,-1,0,3
ICardDeleteRecordProvider,0,0,0,0,0,3,0,1,1,-1,0,1
ICardPaymentRecordProvider,0,1,0,0,0,9,1,1,1,-1,1,4
ICardChargeRecordProvider,0,0,0,0,0,4,0,1,1,-1,0,4
ICardDeferRecordProvider,0,0,0,0,0,3,0,1,1,-1,0,3
ICardDisableEnableRecordProvider,0,0,0,0,0,3,0,1,1,-1,0,2
ICardEventProvider,0,1,0,0,0,4,1,1,1,-1,0,5
ICardLostRestoreRecordProvider,0,0,0,0,0,3,0,1,1,-1,0,3
ICardProvider,0,1,0,0,0,4,1,1,1,-1,0,7
ICardRecycleRecordProvider,0,0,0,0,0,3,0,1,1,-1,0,3
ICardReleaseRecordProvider,0,0,0,0,0,3,0,1,1,-1,0,3
IDeptProvider,0,0,0,0,0,3,0,1,1,-1,0,1
IEntranceProvider,0,2,0,0,0,14,2,1,1,-1,1,2
IETCPaymentRecordProvider,0,0,0,0,0,3,0,1,1,-1,0,1
IFreeAuthorizationLogProvider,0,0,0,0,0,3,0,1,1,-1,0,1
IOperatorLogProvider,0,0,0,0,0,3,0,1,1,-1,0,2
IOperatorProvider,0,1,0,0,0,4,1,1,1,-1,0,2
IParkCarPortProvider,0,0,0,0,0,3,0,1,1,-1,0,1
IParkProvider,0,2,0,0,0,14,2,1,1,-1,1,2
IAPMLogProvider,0,0,0,0,0,3,0,1,1,-1,0,1
IPREBusinessesProvider,0,1,0,0,0,4,1,1,1,-1,0,1
IPREOperatorProvider,0,1,0,0,0,4,1,1,1,-1,0,1
IPREPreferentialLogProvider,0,0,0,0,0,3,0,1,1,-1,0,3
IPREPreferentialProvider,0,0,0,0,0,3,0,1,1,-1,0,3
IPRERoleProvider,0,1,0,0,0,4,1,1,1,-1,0,1
IRoadWayProvider,0,0,0,0,0,3,0,1,1,-1,0,1
IRoleProvider,0,1,0,0,0,4,1,1,1,-1,0,2
IServerDatetimeProvider,0,1,0,0,0,4,1,1,0,-1,0,1
IServerSwitchRecordProvider,0,0,0,0,0,3,0,1,1,-1,0,1
ISnapShotProvider,0,1,0,0,0,4,1,1,1,-1,0,2
ISpeedingLogProvider,0,0,0,0,0,3,0,1,1,-1,0,2
ISpeedingRecordProvider,0,0,0,0,0,3,0,1,1,-1,0,1
ISysParameterProvider,0,0,0,0,0,3,0,1,1,-1,0,2
ITransactionsWork,0,0,0,0,0,3,0,1,0,-1,0,0
IUnitWork,0,1,0,0,0,7,1,2,0,-1,0,12
IVideoSourceProvider,0,2,0,0,0,14,2,1,1,-1,1,2
IWaitingCommandProvider,0,0,0,0,0,3,0,1,1,-1,0,2
IWorkstationProvider,0,1,0,0,0,4,1,1,1,-1,0,2
IProvider,0,9,0,0,0,60,9,45,0,-1,2,0
IYangChenTongLogProvider,0,0,0,0,0,3,0,1,1,-1,0,1
IYCTBlacklistProvider,0,0,0,0,0,3,0,1,1,-1,0,1
IYCTPaymentRecordProvider,0,0,0,0,0,3,0,1,1,-1,0,1
ProviderFactory,0,1,0,0,1,34,6,0,0,-1,0,41
APMCheckOutRecordProvider,0,4,0,0,2,41,7,0,2,-1,5,0
APMProvider,0,4,0,0,2,26,4,0,2,-1,3,0
APMRefundRecordProvider,0,3,0,0,2,48,17,0,2,-1,7,0
CardDeleteRecordProvider,0,2,0,0,1,35,11,0,2,-1,6,0
DeptProvider,0,4,0,0,2,24,4,0,2,-1,2,0
ETCPaymentRecordProvider,0,4,0,0,2,40,9,0,2,-1,5,0
FreeAuthorizationLogProvider,0,4,0,0,2,44,8,0,2,-1,6,0
ParkCarPortProvider,0,3,0,0,1,27,5,0,2,-1,4,0
ParkDataContextFactory,1,1,0,0,1,15,2,0,0,0,1,8
ParkDataContext,0,2,31,0,2,261,2,0,0,-1,0,45
AlarmProvider,0,3,0,0,2,50,12,0,2,-1,7,0
CardChargeRecordProvider,0,3,0,0,2,42,14,0,2,-1,6,0
CardDeferRecordProvider,0,3,0,0,2,42,15,0,2,-1,7,0
CardDisableEnableRecordProvider,0,4,0,0,2,56,14,0,2,-1,6,0
CardEventProvider,0,5,0,0,3,88,27,0,2,-1,10,0
CardLostRestoreRecordProvider,0,4,0,0,2,74,17,0,2,-1,6,0
CardPaymentRecordProvider,0,5,0,0,3,101,33,0,2,-1,10,0
CardProvider,0,5,0,0,3,157,27,0,2,-1,11,0
CardRecycleRecordProvider,0,3,0,0,2,43,15,0,2,-1,6,0
CardReleaseRecordProvider,0,3,0,0,2,44,15,0,2,-1,6,0
EntranceProvider,0,7,0,0,4,106,12,0,2,-1,9,0
OperatorLogProvider,0,6,0,0,2,66,12,0,2,-1,7,0
OperatorProvider,0,7,0,0,3,103,15,0,2,-1,7,0
ParkProvider,0,7,0,0,4,112,10,0,2,-1,8,0
APMLogProvider,0,4,0,0,2,53,10,0,2,-1,5,0
PREBusinessesProvider,0,6,0,0,3,70,8,0,2,-1,7,0
PREOperatorProvider,0,7,0,0,3,95,13,0,2,-1,7,0
PREPreferentialLogProvider,0,7,0,0,3,109,17,0,2,-1,9,0
PREPreferentialProvider,0,7,0,0,3,86,11,0,2,-1,8,0
PRERoleProvider,0,5,0,0,3,50,5,0,2,-1,5,0
"ProviderBase<TInfo,TID>",1,17,1,0,11,349,32,0,1,0.7099999785423279,9,0
ResultCodeResolver,0,1,0,0,1,23,2,0,0,-1,1,14
RoadWayProvider,0,3,0,0,2,21,3,0,2,-1,2,0
RoleProvider,0,5,0,0,3,49,5,0,2,-1,5,0
ServerDateTimeProvider,1,2,0,0,2,58,3,0,1,0,3,0
ServerSwitchRecordProvider,0,4,0,0,2,44,8,0,2,-1,5,0
SnapShotProvider,0,4,0,0,3,60,8,0,2,-1,5,0
SpeedingLogProvider,0,6,0,0,2,60,10,0,2,-1,5,0
SpeedingRecordProvider,0,4,0,0,2,40,7,0,2,-1,5,0
SysparameterProvider,0,4,0,0,2,25,4,0,2,-1,2,0
TransactionsWork,2,2,2,0,2,83,3,0,1,1,4,0
VideoSourceProvider,0,5,0,0,4,71,6,0,2,-1,6,0
WaitingCommandProvider,0,6,0,0,2,58,11,0,2,-1,5,0
WorkstationProvider,0,7,0,0,3,74,10,0,2,-1,7,0
UnitWork,1,2,1,0,2,40,3,0,1,1,5,2
YangChenTongLogProvider,0,4,0,0,2,37,6,0,2,-1,5,0
YCTBlacklistProvider,0,4,0,0,2,33,8,0,2,-1,4,0
YCTPaymentRecordProvider,0,4,0,0,2,40,14,0,2,-1,5,0
AlarmBll,1,3,0,0,3,30,3,0,0,0,5,11
APMBll,1,7,0,0,7,102,11,0,0,0,6,12
APMChectOutRecordBll,1,4,0,0,4,31,4,0,0,0,5,1
APMRefundRecordBll,1,4,0,0,4,34,4,0,0,0,5,2
CardBll,2,59,0,0,57,1791,149,0,0,0.05000000074505806,45,58
CardChargeRecordBll,1,2,0,0,2,34,3,0,0,0,6,1
CardPaymentRecordBll,2,8,0,0,8,107,11,0,0,0,11,15
CardEventBll,1,10,0,0,10,164,17,0,0,0,11,14
DataBaseConnectionChecker,6,5,2,1,4,186,14,0,0,0,4,1
DatabaseUpgrader,0,1,0,0,1,20,2,0,0,-1,0,2
DatetimeSyncService,4,7,1,0,4,133,12,0,0,0.4300000071525574,5,1
SystemTime,8,0,0,8,0,12,0,0,0,-1,0,1
DeptBll,2,7,0,0,7,60,9,0,0,0,6,4
EntranceBll,1,10,0,0,10,96,11,0,0,0,5,13
ETCPaymentRecordBll,1,5,0,0,5,65,6,0,0,0,6,1
FreeAuthorizationLogBll,1,5,0,0,5,49,6,0,0,0,6,3
HostStandbySettingBll,1,3,0,0,3,41,3,0,0,0,4,2
OperatorBll,1,11,0,0,11,175,22,0,0,0,8,17
OperatorSettleBLL,2,27,0,0,8,565,92,0,0,0,37,3
ParkBll,2,12,0,0,12,196,18,0,0,0,11,11
ParkBuffer,2,9,2,0,9,209,27,0,0,0,6,35
APMLogBll,1,4,0,0,4,30,4,0,0,0,5,1
ParkingParameterDataBufferBll,1,3,0,0,3,105,5,0,0,0.6700000166893005,14,1
PREBusinessesBll,2,9,0,0,9,68,11,0,0,0,7,3
PREOperatorBll,1,11,0,0,11,170,22,0,0,0,8,6
PREPreferentialBll,1,7,0,0,7,78,8,0,0,0,7,1
PREPreferentialLogBll,1,5,0,0,5,51,5,0,0,0,5,2
PRERoleBll,2,8,0,0,8,78,11,0,0,0,9,3
Resource1,2,1,21,0,0,212,1,0,0,0,0,9
RoadWayBll,1,6,0,0,6,59,8,0,0,0,6,3
RoleBll,2,8,0,0,8,86,11,0,0,0,9,5
ServerSwitchRecordBll,1,3,0,0,3,29,3,0,0,0,5,2
SnapShotBll,1,6,0,0,6,67,7,0,0,0,5,13
SpeedingLogBll,2,7,0,0,7,89,8,0,0,0,6,1
SpeedingRecordBll,2,9,0,0,9,135,12,0,0,0,10,4
StandbyToMasterSyncService,13,10,1,0,6,221,31,0,0,0.2000000029802322,12,1
SysParaSettingsBll,1,8,0,0,8,236,17,0,0,0,4,16
SystemParameterBll,1,5,0,0,5,39,5,0,0,0,4,1
VideoSourceBll,1,10,0,0,10,95,11,0,0,0,4,4
WaitingCommandBLL,1,8,0,0,8,77,10,0,0,0,7,7
WorkstationBll,1,9,0,0,9,90,13,0,0,0,8,12
YangChenTongLogBll,1,4,0,0,4,30,4,0,0,0,5,2
YCTBlacklistBll,2,8,0,0,8,81,11,0,0,0,8,0
YCTPaymentRecordBll,2,8,0,0,8,75,10,0,0,0,8,2
AccessComboBox,1,5,1,0,3,92,7,0,0,0.4000000059604645,4,5
BlackListLogTypeComboBox,1,5,1,0,3,83,6,0,0,0.4000000059604645,0,1
CardEventTypeComboBoxEx,1,6,1,0,4,95,8,0,1,0.5,1,1
CardTypeComboBoxEx,1,5,1,0,3,91,8,0,1,0.4000000059604645,3,11
CarTypeComboBoxEx,1,5,1,0,3,77,6,0,1,0.4000000059604645,2,6
DeptTree,3,8,1,0,3,174,14,0,0,0.3799999952316284,3,1
FreeAuthCalculateTypeComboBox,1,5,2,0,3,110,6,0,0,0.4000000059604645,0,1
FreeAuthUnitComboBox,1,5,2,0,3,111,6,0,0,0.4000000059604645,0,1
FrmSelectWorkstations,19,23,3,0,1,555,54,0,0,0.1700000017881393,7,1
FuzzyQueryCombobox,4,11,0,0,4,179,20,0,0,0.2700000107288361,0,2
CardGridView,25,18,13,0,13,641,37,0,1,0.5,11,4
CardListTypeComboBox,1,5,1,0,3,92,6,0,0,0.4000000059604645,2,1
CardTypeComboBox,1,5,2,0,3,118,9,1,0,0.4000000059604645,2,11
CarTypePanel,3,9,1,0,4,265,29,0,0,0.2199999988079071,3,5
CarTypeSelectEventArgs,0,1,1,0,1,13,1,0,0,-1,0,3
ComboBoxEx,4,18,8,0,2,553,39,6,0,0.3899999856948853,2,6
ObjectUtil,0,2,0,0,1,79,6,0,0,-1,0,1
CommandTypeComboBox,1,5,1,0,3,96,6,0,0,0.4000000059604645,2,1
DeptComboBox,1,5,4,0,3,220,8,0,0,0.4000000059604645,3,11
EntrancePanel,7,13,1,0,5,346,38,0,0,0.2300000041723251,4,1
EventReportListBox,3,9,0,0,5,228,16,0,0,0.5600000023841858,11,8
ColorString,0,3,3,0,3,35,3,0,0,-1,0,3
ReportItem,0,1,3,0,1,23,1,0,0,-1,1,3
FuzzyQueryComboboxEx<TInfo>,4,12,0,0,4,203,24,0,0,0.5799999833106995,0,0
LineSpacingLabel,2,5,1,0,2,102,10,0,0,0.4000000059604645,0,2
ManageCardTypeComboBox,1,5,0,0,3,58,6,0,1,0.4000000059604645,2,1
PaymentCodeComboBox,1,5,1,0,3,89,6,0,0,0.4000000059604645,2,0
PaymentCodeComboBoxEx,1,5,1,0,3,83,6,0,1,0.4000000059604645,3,2
PaymentModeComboBox,1,5,1,0,3,98,6,0,0,0.4000000059604645,2,6
PaymentModeComboBoxEx,1,5,1,0,3,93,7,0,1,0.4000000059604645,4,3
PopupForm,19,21,9,0,7,608,53,0,0,0.1000000014901161,3,1
GripBounds,3,1,9,0,1,107,1,0,0,0,0,1
UnsafeMethods,28,9,0,28,5,183,9,0,0,0.7799999713897705,1,1
TrackerEventFlags,0,0,0,0,0,7,0,0,0,-1,0,0
TRACKMOUSEEVENT,4,0,0,4,0,8,0,0,0,-1,0,1
MINMAXINFO,5,0,0,5,0,9,0,0,0,-1,0,1
RECT,4,3,1,4,3,44,3,0,0,1,0,1
WINDOWPOS,7,0,0,0,0,11,0,0,0,-1,0,1
NCCALCSIZE_PARAMS,4,0,0,4,0,20,0,0,0,-1,2,0
PREBusinessesComboBox,2,10,2,0,4,185,19,0,0,0.300000011920929,4,2
PREFunctionTree,4,8,1,0,3,196,18,0,0,0.25,3,1
PRERoleComboBox,1,5,2,0,3,121,6,0,0,0.4000000059604645,2,2
RoleComBoxEx,1,5,1,0,3,98,6,0,1,0.4000000059604645,3,0
RowMergeView,5,14,2,0,5,390,33,0,1,0.2099999934434891,2,0
SpanInfo,4,1,0,4,1,15,1,0,0,0,0,1
StationNameComboBox,1,5,2,0,3,107,11,0,0,0.4000000059604645,5,1
TextValueItem<T>,0,2,2,0,2,22,2,0,0,-1,0,0
UCAPMMonitor,4,8,0,0,2,153,18,0,0,0,7,2
UCCardTypeProperty,13,9,3,0,2,347,19,0,0,0.2199999988079071,2,2
UCDateTimeInterval,9,13,3,0,6,296,21,0,0,0.1500000059604645,0,40
UCPaging,20,10,6,0,2,435,18,0,0,0.6000000238418579,0,1
UCPictureGrid,5,11,0,0,5,219,27,0,0,0.1800000071525574,2,2
UCPictureListView,6,10,0,0,5,197,18,0,0,0.2000000029802322,2,7
AlarmTypeComboBox,1,5,1,0,3,146,6,0,0,0.4000000059604645,2,1
CardStatusComboBox,1,5,1,0,3,91,6,0,0,0.4000000059604645,2,2
CarTypeComboBox,1,5,1,0,3,85,7,0,0,0.4000000059604645,2,5
EntranceAddressComboBox,1,5,1,0,3,78,7,0,0,0.4000000059604645,0,1
CustomDataGridView,1,17,0,0,14,284,34,2,0,0.239999994635582,1,70
EntranceComboBox,1,6,2,0,4,118,8,0,0,0.5,2,8
HardwareTree,8,33,7,0,25,709,77,0,1,0.2099999934434891,15,11
FunctionTree,4,8,1,0,3,214,19,0,0,0.25,3,1
OperatorComboBox,1,6,3,0,4,159,7,0,0,0.5,3,22
ParkCombobox,1,8,1,0,5,119,11,0,0,0.25,4,10
RoleComboBox,1,6,2,0,4,140,8,0,0,0.5,2,3
UCCard,46,13,1,5,6,809,42,0,0,0.1500000059604645,10,8
UCEntrance,7,5,7,0,2,245,9,0,0,0.4000000059604645,7,8
UcWorkStationsSelection,6,4,1,0,1,145,7,0,0,0,1,16
VehicleLEDMessageTypeCombobox,1,5,1,0,3,101,6,0,0,0.4000000059604645,2,1
StationIDCombobox,1,6,2,0,4,151,7,0,0,0.5,3,4
VideoTypeComboBox,2,5,1,0,3,107,7,0,0,0.4000000059604645,1,1
WaitingCommandStatusComboBox,1,5,1,0,3,89,6,0,0,0.4000000059604645,2,1
Resources,2,1,11,0,0,104,1,0,0,0,0,5
Resource1,2,1,45,0,0,428,1,0,0,0,0,8
ACTIVideoControl,8,14,0,0,6,273,19,0,1,0.1400000005960464,3,1
ACTIVideoPanel,6,12,0,0,5,243,16,0,1,0.25,3,0
DaHuaVideoPanel,8,13,1,0,8,440,26,0,1,0.2300000041723251,9,1
DaHuaSDKManager,4,10,0,0,8,489,23,0,0,0.800000011920929,18,2
FrmDaHuaContainer,9,4,0,0,2,253,6,0,0,0.5,0,0
devState,0,0,0,0,0,12,0,0,0,-1,0,1
subEventState,0,0,0,0,0,17,0,0,0,-1,0,1
camera,9,0,0,9,0,39,0,0,0,-1,2,0
EventMsg,4,1,0,4,1,86,2,0,0,0,11,0
FrmXinlutongContainer,4,14,0,0,5,310,45,0,0,0.2899999916553497,4,2
JingYangVideoPanel,5,12,1,0,7,343,16,0,1,0.1700000017881393,9,1
ST_InetAddr,6,0,0,6,0,15,0,0,0,-1,0,2
ST_DeviceInfo,6,0,0,6,0,28,0,0,0,-1,1,2
ST_VideoInfo,16,0,0,16,0,36,0,0,0,-1,0,0
ST_AudioInfo,8,0,0,8,0,19,0,0,0,-1,0,0
ST_DeviceSummaryParam,20,0,0,20,0,40,0,0,0,-1,0,0
ST_CameraInfoParam,4,0,0,4,0,10,0,0,0,-1,0,0
ST_AVFrameData,19,0,0,19,0,41,0,0,0,-1,0,2
ST_RemoteSnapshotParam,3,0,0,3,0,7,0,0,0,-1,0,2
InitRemoteLivePlayer2,0,31,0,0,31,95,31,0,0,-1,3,1
UCVideoListView,7,11,1,0,3,339,31,0,0,0.1800000071525574,5,4
UCVideoPanelGrid,7,14,4,0,6,344,37,0,0,0.1400000005960464,6,3
VideoPanel,11,19,10,1,10,469,33,7,0,0.4199999868869781,4,14
VideoPanelFactory,0,2,0,0,2,60,4,0,0,-1,9,2
VideoStatus,0,0,0,0,0,19,0,0,0,-1,0,13
XingLuTongVideoPanel,3,11,1,0,8,227,17,0,1,0.2700000107288361,7,1
HaiKangVideoPanel,6,12,1,0,9,431,38,0,1,0.3300000131130219,9,1
ZhiXinVideoPanel,7,12,1,0,9,343,25,0,1,0.25,8,1
Client,10,92,8,0,34,1943,128,0,0,0.4300000071525574,8,0
CLIENT_INFO,24,2,0,24,2,67,2,0,0,0,1,1
DEVCHANNEL_INFO,16,0,0,16,0,71,0,0,0,-1,0,2
NET_DEVICEINFO,12,0,0,12,0,21,0,0,0,-1,0,4
NET_PARAM,28,0,0,28,0,39,0,0,0,-1,0,1
NET_TIME,12,0,0,12,0,55,0,0,0,-1,0,6
ErrInfo,4,0,0,4,0,21,0,0,0,-1,0,1
PlayCon,0,0,0,0,0,77,0,0,0,-1,0,1
PTZControlType,0,0,0,0,0,375,0,0,0,-1,0,1
DHClient,316,428,4,308,244,9331,570,0,0,0.25,29,3
EventIvs,128,0,0,128,0,527,0,0,0,-1,0,3
REALPLAY_TYPE,0,0,0,0,0,27,0,0,0,-1,0,1
PLAY_CONTROL,0,0,0,0,0,77,0,0,0,-1,0,1
PTZ_CONTROL,0,0,0,0,0,373,0,0,0,-1,0,1
RECORD_FILE_TYPE,0,0,0,0,0,53,0,0,0,-1,0,1
CONFIG_COMMAND,0,0,0,0,0,157,0,0,0,-1,0,1
NET_DEVICE_TYPE,0,0,0,0,0,119,0,0,0,-1,0,1
DH_LOG_QUERY_TYPE,0,0,0,0,0,77,0,0,0,-1,0,0
DH_LOG_TYPE,0,0,0,0,0,189,0,0,0,-1,0,0
CFG_TYPE,0,0,0,0,0,149,0,0,0,-1,0,0
REC_TYPE,0,0,0,0,0,13,0,0,0,-1,0,0
USER_OPERATE,0,0,0,0,0,63,0,0,0,-1,0,1
CALLBACK_TYPE,0,0,0,0,0,115,0,0,0,-1,0,0
LANGUAGE_ENCODING,0,0,0,0,0,1129,0,0,0,-1,0,1
EM_FILE_QUERY_TYPE,0,0,0,0,0,29,0,0,0,-1,0,1
CtrlType,0,0,0,0,0,443,0,0,0,-1,0,2
EM_STAFF_TYPE,0,0,0,0,0,39,0,0,0,-1,0,1
EM_CALIBRATEAREA_TYPE,0,0,0,0,0,39,0,0,0,-1,0,2
CFG_VIDEO_COMPRESSION,0,0,0,0,0,69,0,0,0,-1,0,2
CFG_BITRATE_CONTROL,0,0,0,0,0,21,0,0,0,-1,0,2
CFG_IMAGE_QUALITY,0,0,0,0,0,53,0,0,0,-1,0,2
CFG_AUDIO_FORMAT,0,0,0,0,0,45,0,0,0,-1,0,2
CFG_LINK_TYPE,0,0,0,0,0,37,0,0,0,-1,0,1
CFG_CAPTURE_SIZE,0,0,0,0,0,167,0,0,0,-1,0,0
CFG_TRAFFIC_SNAP_MODE,0,0,0,0,0,45,0,0,0,-1,0,1
AV_CFG_LanguageType,0,0,0,0,0,77,0,0,0,-1,0,1
AV_CFG_PtzLinkType,0,0,0,0,0,37,0,0,0,-1,0,1
AV_CFG_SplitMode,0,0,0,0,0,109,0,0,0,-1,0,1
CFG_EM_STREAM_TYPE,0,0,0,0,0,61,0,0,0,-1,0,1
DH_SYS_ABILITY,0,0,0,0,0,27,0,0,0,-1,0,1
DH_FUN_SUPPORT,0,0,0,0,0,73,0,0,0,-1,0,0
NET_RECORDFILE_INFO,8,0,0,8,0,39,0,0,0,-1,1,2
OPERATION_INFO,2,1,0,2,1,28,2,0,0,0,0,1
NET_CLIENT_STATE,5,0,0,5,0,36,0,0,0,-1,0,0
NET_DEV_CHANNELSTATE,7,0,0,7,0,32,0,0,0,-1,0,0
NET_DEV_DISKSTATE,3,0,0,3,0,15,0,0,0,-1,0,1
NET_DEV_WORKSTATE,6,0,0,6,0,31,0,0,0,-1,0,0
PROTOCOL_INFO,6,0,0,6,0,30,0,0,0,-1,0,0
ALARM_CONTROL,2,0,0,2,0,11,0,0,0,-1,0,0
OPR_RIGHT,3,0,0,3,0,12,0,0,0,-1,0,0
USER_INFO,8,1,0,8,1,35,1,0,0,0,0,1
USER_GROUP_INFO,5,1,0,5,1,23,1,0,0,0,0,1
USER_MANAGE_INFO,7,0,0,7,0,16,0,0,0,-1,0,1
DH_LOG_ITEM,5,0,0,5,0,24,0,0,0,-1,1,0
DH_HARDDISK_STATE,2,0,0,2,0,12,0,0,0,-1,0,0
DH_AUDIO_FORMAT,4,0,0,4,0,19,0,0,0,-1,0,0
DH_VERSION_INFO,10,0,0,10,0,43,0,0,0,-1,0,1
DH_DSP_ENCODECAP,8,0,0,8,0,36,0,0,0,-1,0,1
DHDEV_SYSTEM_ATTR_CFG,32,2,0,32,2,205,4,0,0,1,3,1
DH_TSECT,7,0,0,7,0,10,0,0,0,-1,0,2
DH_REC_TSECT,1,0,0,1,0,5,0,0,0,-1,0,0
DH_RECT,4,0,0,4,0,7,0,0,0,-1,0,3
DH_ENCODE_WIDGET,5,0,0,5,0,21,0,0,0,-1,1,1
DH_VIDEOENC_OPT,13,0,0,13,0,59,0,0,0,-1,0,1
DH_COLOR_CFG,8,0,0,8,0,31,0,0,0,-1,1,0
DHDEV_CHANNEL_CFG,10,0,0,10,0,31,0,0,0,-1,1,1
DHDEV_PREVIEW_CFG,3,0,0,3,0,7,0,0,0,-1,1,1
DHDEV_TALK_CFG,8,0,0,8,0,42,0,0,0,-1,0,0
DHDEV_RECORD_CFG,5,0,0,5,0,20,0,0,0,-1,0,1
DH_PTZ_LINK,2,0,0,2,0,5,0,0,0,-1,0,0
DH_MSG_HANDLE,9,0,0,9,0,44,0,0,0,-1,0,6
DH_ALARMIN_CFG,5,0,0,5,0,22,0,0,0,-1,1,0
DH_DETECT,1,0,0,1,0,5,0,0,0,-1,0,0
DH_MOTION_DETECT_CFG,8,0,0,8,0,35,0,0,0,-1,1,0
DH_VIDEO_LOST_CFG,4,0,0,4,0,18,0,0,0,-1,1,0
DH_BLIND_CFG,5,0,0,5,0,23,0,0,0,-1,1,0
DH_DISK_ALARM_CFG,13,0,0,13,0,52,0,0,0,-1,1,1
DH_NETBROKEN_ALARM_CFG,3,0,0,3,0,7,0,0,0,-1,1,1
DHDEV_ALARM_SCHEDULE,8,0,0,8,0,16,0,0,0,-1,2,1
DH_ETHERNET,5,0,0,5,0,41,0,0,0,-1,0,0
DH_REMOTE_HOST,6,0,0,6,0,33,0,0,0,-1,0,1
DH_MAIL_CFG,10,3,0,10,3,150,9,0,0,1,0,1
DHDEV_NET_CFG,20,1,0,20,1,106,3,0,0,0,2,1
DH_COMM_PROP,4,0,0,4,0,19,0,0,0,-1,0,2
DH_485_CFG,3,0,0,3,0,12,0,0,0,-1,1,0
DH_RS232_CFG,3,0,0,3,0,8,0,0,0,-1,1,0
DH_PROANDFUN_NAME,1,0,0,1,0,10,0,0,0,-1,0,0
DHDEV_COMM_CFG,7,0,0,7,0,35,0,0,0,-1,0,1
DHDEV_AUTOMT_CFG,5,0,0,5,0,24,0,0,0,-1,0,0
DH_VIDEOGROUP_CFG,5,0,0,5,0,23,0,0,0,-1,0,0
DHDEV_VIDEO_MATRIX_CFG,2,0,0,2,0,6,0,0,0,-1,0,0
DH_DDNS_SERVER_CFG,9,0,0,9,0,57,0,0,0,-1,0,0
DHDEV_MULTI_DDNS_CFG,3,0,0,3,0,7,0,0,0,-1,0,0
DHDEV_SNAP_CFG,5,0,0,5,0,18,0,0,0,-1,0,0
DHDEV_URL_CFG,10,0,0,10,0,47,0,0,0,-1,0,0
struPeriod,5,0,0,5,0,21,0,0,0,-1,1,0
DH_FTP_UPLOAD_CFG,1,0,0,1,0,6,0,0,0,-1,0,0
DHDEV_FTP_PROTO_CFG,11,0,0,11,0,53,0,0,0,-1,0,0
DH_INTERVIDEO_UCOM_CHN_CFG,2,0,0,2,0,8,0,0,0,-1,0,0
DHDEV_INTERVIDEO_UCOM_CFG,11,0,0,11,0,54,0,0,0,-1,0,0
DHDEV_IPIFILTER_INFO_EX,3,0,0,3,0,17,0,0,0,-1,0,1
DHDEV_IPIFILTER_CFG_EX,6,0,0,6,0,25,0,0,0,-1,1,0
MACIP_INFO,3,0,0,3,0,17,0,0,0,-1,0,0
DHDEV_MACIPFILTER_CFG,7,0,0,7,0,33,0,0,0,-1,0,0
ENCRYPT_KEY_INFO,3,0,0,3,0,18,0,0,0,-1,0,0
ALGO_PARAM_INFO,3,0,0,3,0,19,0,0,0,-1,0,1
DHEDV_STREAM_ENCRYPT,5,0,0,5,0,23,0,0,0,-1,1,0
CFG_POLYGON,2,0,0,2,0,5,0,0,0,-1,0,2
CFG_SIZE,3,0,0,3,0,17,0,0,0,-1,0,2
CFG_REGION,2,0,0,2,0,6,0,0,0,-1,0,1
CFG_CALIBRATEBOX_INFO,2,0,0,2,0,11,0,0,0,-1,1,0
CFG_SIZEFILTER_INFO,39,0,0,39,0,132,0,0,0,-1,1,4
CFG_OBJECT_SIZEFILTER_INFO,2,0,0,2,0,12,0,0,0,-1,1,0
CFG_MODULE_INFO,64,0,0,64,0,238,0,0,0,-1,1,0
CFG_ANALYSEMODULES_INFO,2,0,0,2,0,13,0,0,0,-1,0,0
CFG_POLYLINE,2,0,0,2,0,8,0,0,0,-1,0,1
CFG_LANE,14,0,0,14,0,63,0,0,0,-1,0,0
CFG_LIGHTATTRIBUTE,6,0,0,6,0,24,0,0,0,-1,0,0
CFG_RECT,4,0,0,4,0,7,0,0,0,-1,0,3
CFG_LIGHTGROUPS,7,0,0,7,0,35,0,0,0,-1,1,0
CFG_STAFF,4,0,0,4,0,19,0,0,0,-1,2,0
CFG_CALIBRATEAREA_INFO,7,0,0,7,0,33,0,0,0,-1,2,0
CFG_FACERECOGNITION_SCENCE_INFO,8,0,0,8,0,36,0,0,0,-1,0,1
CFG_ANALYSEGLOBAL_INFO,25,0,0,23,0,113,0,0,0,-1,2,0
CFG_RULE_INFO,2,0,0,2,0,12,0,0,0,-1,0,0
CFG_ANALYSERULES_INFO,3,0,0,3,0,17,0,0,0,-1,0,1
CFG_CAP_ANALYSE_INFO,17,0,0,17,0,74,0,0,0,-1,0,0
NET_TIME_EX,8,0,0,8,0,36,0,0,0,-1,0,42
DH_POINT,2,0,0,0,0,5,0,0,0,-1,0,1
DH_PIC_INFO,5,0,0,5,0,21,0,0,0,-1,0,2
DH_MSG_OBJECT,17,0,0,17,0,77,0,0,0,-1,3,34
DH_EVENT_FILE_INFO,6,0,0,6,0,27,0,0,0,-1,1,40
DH_RESOLUTION_INFO,2,0,0,2,0,13,0,0,0,-1,0,7
DH_SIG_CARWAY_INFO_EX,2,0,0,2,0,13,0,0,0,-1,0,1
DEV_EVENT_TRAFFICGATE_INFO,39,0,0,39,0,184,0,0,0,-1,5,2
DEVICE_NET_INFO_EX,21,0,0,21,0,102,0,0,0,-1,0,0
DEV_EVENT_TRAFFIC_PARKINGSPACEPARKING_INFO,17,0,0,17,0,26,0,0,0,-1,5,2
DEV_EVENT_TRAFFIC_PARKINGSPACENOPARKING_INFO,17,0,0,17,0,26,0,0,0,-1,5,2
DEV_EVENT_CROSSLINE_INFO,16,0,0,16,0,71,0,0,0,-1,3,0
DH_POLY_POINTS,2,0,0,2,0,12,0,0,0,-1,0,0
DEV_EVENT_CROSSREGION_INFO,21,0,0,21,0,95,0,0,0,-1,3,0
DEV_EVENT_PASTE_INFO,13,0,0,13,0,58,0,0,0,-1,3,0
DEV_EVENT_LEFT_INFO,13,0,0,13,0,58,0,0,0,-1,3,0
DEV_EVENT_PRESERVATION_INFO,13,0,0,13,0,58,0,0,0,-1,3,0
DEV_EVENT_STAY_INFO,13,0,0,13,0,58,0,0,0,-1,3,0
DEV_EVENT_WANDER_INFO,16,0,0,16,0,75,0,0,0,-1,2,0
DEV_EVENT_MOVE_INFO,13,0,0,13,0,58,0,0,0,-1,3,0
DEV_EVENT_TAIL_INFO,13,0,0,13,0,58,0,0,0,-1,3,0
DEV_EVENT_RIOTERL_INFO,14,0,0,14,0,66,0,0,0,-1,2,0
DEV_EVENT_FIRE_INFO,13,0,0,13,0,61,0,0,0,-1,3,0
DEV_EVENT_SMOKE_INFO,11,0,0,11,0,49,0,0,0,-1,3,0
DEV_EVENT_FLOWSTAT_INFO,13,0,0,13,0,57,0,0,0,-1,2,0
DEV_EVENT_NUMBERSTAT_INFO,14,0,0,14,0,64,0,0,0,-1,2,0
DEV_EVENT_TRAFFICCONTROL_INFO,11,0,0,11,0,48,0,0,0,-1,3,0
DEV_EVENT_TRAFFICACCIDENT_INFO,12,0,0,12,0,54,0,0,0,-1,2,0
DEV_EVENT_TRAFFIC_TRAFFICCAR_INFO,22,0,0,22,0,119,0,0,0,-1,0,17
DEV_EVENT_TRAFFICJUNCTION_INFO,19,0,0,19,0,87,0,0,0,-1,5,2
DH_SIG_CARWAY_INFO,9,0,0,9,0,41,0,0,0,-1,0,0
DH_CARWAY_INFO,5,0,0,5,0,26,0,0,0,-1,0,0
DEV_EVENT_TRAFFICSNAPSHOT_INFO,13,0,0,13,0,58,0,0,0,-1,2,0
DEV_EVENT_FACEDETECT_INFO,13,0,0,13,0,60,0,0,0,-1,3,0
DEV_EVENT_TRAFFIC_RUNREDLIGHT_INFO,17,0,0,17,0,72,0,0,0,-1,4,2
DEV_EVENT_TRAFFIC_OVERLINE_INFO,16,0,0,16,0,68,0,0,0,-1,4,0
DEV_EVENT_TRAFFIC_RETROGRADE_INFO,16,0,0,16,0,69,0,0,0,-1,4,0
DEV_EVENT_TRAFFIC_TURNLEFT_INFO,17,0,0,17,0,72,0,0,0,-1,5,2
DEV_EVENT_TRAFFIC_TURNRIGHT_INFO,17,0,0,17,0,72,0,0,0,-1,5,2
DEV_EVENT_TRAFFIC_UTURN_INFO,16,0,0,16,0,68,0,0,0,-1,4,0
DEV_EVENT_TRAFFIC_OVERSPEED_INFO,18,0,0,18,0,76,0,0,0,-1,4,2
DEV_EVENT_TRAFFIC_UNDERSPEED_INFO,19,0,0,19,0,84,0,0,0,-1,4,2
DEV_EVENT_TRAFFIC_PARKING_INFO,20,0,0,20,0,90,0,0,0,-1,4,1
DEV_EVENT_TRAFFICJAM_INFO,15,0,0,15,0,68,0,0,0,-1,3,0
DEV_EVENT_TRAFFIC_WRONGROUTE_INFO,15,0,0,15,0,65,0,0,0,-1,4,0
DEV_EVENT_TRAFFIC_CROSSLANE_INFO,14,0,0,14,0,61,0,0,0,-1,3,0
DEV_EVENT_TRAFFIC_OVERYELLOWLINE_INFO,15,0,0,15,0,65,0,0,0,-1,4,0
DEV_EVENT_TRAFFIC_DRIVINGONSHOULDER_INFO,14,0,0,14,0,61,0,0,0,-1,3,0
DEV_EVENT_TRAFFIC_YELLOWPLATEINLANE_INFO,15,0,0,15,0,65,0,0,0,-1,4,0
DEV_EVENT_ELECTROSPARK_INFO,11,0,0,11,0,47,0,0,0,-1,3,0
DEV_EVENT_TRAFFIC_MANUALSNAP_INFO,17,0,0,17,0,72,0,0,0,-1,5,2
MANUAL_SNAP_PARAMETER,3,0,0,3,0,17,0,0,0,-1,0,1
DEVICE_LOCALPREVIEW_SLIPT_PARAMETER,3,0,0,3,0,16,0,0,0,-1,0,0
WIFI_CONNECT,2,0,0,2,0,14,0,0,0,-1,0,0
DISKCTRL_PARAM,4,0,0,3,0,21,0,0,0,-1,1,0
DISKCTRL_SUBAREA,4,0,0,4,0,21,0,0,0,-1,0,0
ALARMCTRL_PARAM,3,0,0,3,0,12,0,0,0,-1,0,0
MATRIXCTRL_PARAM,3,0,0,3,0,12,0,0,0,-1,0,0
BURNNG_PARM,4,0,0,4,0,20,0,0,0,-1,0,0
BURNING_PARM_ATTACH,2,0,0,2,0,12,0,0,0,-1,0,0
NET_SNAP_COMMANDINFO,2,0,0,2,0,15,0,0,0,-1,0,0
BACKUP_RECORD,3,0,0,3,0,18,0,0,0,-1,0,0
DHDEV_VEHICLE_WIFI_CONFIG,9,0,0,9,0,59,0,0,0,-1,0,0
DHDEV_USER_REJECT_INFO,4,0,0,4,0,26,0,0,0,-1,0,0
DHDEV_REJECT_USER,3,0,0,3,0,14,0,0,0,-1,0,0
DHDEV_USER_SHIELD_INFO,5,0,0,5,0,28,0,0,0,-1,0,0
DHDEV_SHIELD_USER,3,0,0,3,0,14,0,0,0,-1,0,0
SCENE_SUPPORT_RULE,7,0,0,7,0,34,0,0,0,-1,0,0
CFG_CAP_CELIBRATE_AREA,5,0,0,5,0,23,0,0,0,-1,1,0
CFG_CAP_SCENE,25,0,0,25,0,116,0,0,0,-1,0,0
CFG_VACAP_SUPPORTEDSCENES,2,0,0,2,0,12,0,0,0,-1,0,0
DEVICE_STATUS,3,0,0,3,0,17,0,0,0,-1,0,0
CFG_REMOTE_DEVICE_STATUS,3,0,0,3,0,17,0,0,0,-1,0,0
CFG_CAP_DEVICE_ANALYSE_INFO,1,0,0,1,0,7,0,0,0,-1,0,0
CFG_CAP_VIDEOINPUT_INFO,1,0,0,1,0,7,0,0,0,-1,0,0
CFG_NET_TIME,7,0,0,0,0,28,0,0,0,-1,0,1
CFG_ACTIVEUSER_INFO,8,0,0,8,0,36,0,0,0,-1,1,0
CFG_NET_TIME_EX,8,0,0,8,0,36,0,0,0,-1,0,1
CFG_VIDEOSATA_SUMMARY_INFO,22,0,0,22,0,89,0,0,0,-1,1,0
CFG_VIDEODIAGNOSIS_CAPS_INFO,6,0,0,6,0,28,0,0,0,-1,0,0
CFG_VIDEO_FORMAT,18,0,0,18,0,51,0,0,0,-1,3,1
CFG_VIDEOENC_OPT,9,0,0,9,0,33,0,0,0,-1,1,0
CFG_RGBA,4,0,0,0,0,7,0,0,0,-1,0,2
CFG_COVER_INFO,8,0,0,8,0,29,0,0,0,-1,2,0
CFG_VIDEO_COVER,3,0,0,3,0,16,0,0,0,-1,0,1
CFG_OSD_INFO,5,0,0,5,0,23,0,0,0,-1,2,1
CFG_COLOR_INFO,6,0,0,6,0,27,0,0,0,-1,0,1
CFG_ENCODE_INFO,12,0,0,12,0,55,0,0,0,-1,4,0
AV_CFG_EncodeFormat,18,0,0,18,0,72,0,0,0,-1,4,0
AV_CFG_Encode,4,0,0,4,0,19,0,0,0,-1,0,0
CFG_TIME_SECTION,7,0,0,0,0,14,0,0,0,-1,0,0
CFG_RECORD_INFO,5,0,0,5,0,24,0,0,0,-1,0,0
AV_CFG_TimeSection,8,0,0,8,0,20,0,0,0,-1,0,1
AV_CFG_Record,3,0,0,3,0,13,0,0,0,-1,0,0
CFG_PTZ_LINK,2,0,0,2,0,11,0,0,0,-1,1,0
CFG_ALARM_MSG_HANDLE,63,0,0,63,0,175,0,0,0,-1,0,21
CFG_ALARMIN_INFO,6,0,0,6,0,29,0,0,0,-1,1,0
CFG_NETALARMIN_INFO,6,0,0,6,0,29,0,0,0,-1,1,0
CFG_MOTION_INFO,8,0,0,8,0,37,0,0,0,-1,1,0
CFG_VIDEOLOST_INFO,4,0,0,4,0,20,0,0,0,-1,1,0
CFG_SHELTER_INFO,5,0,0,5,0,24,0,0,0,-1,1,0
CFG_STORAGENOEXIST_INFO,2,0,0,2,0,11,0,0,0,-1,1,0
CFG_STORAGEFAILURE_INFO,2,0,0,2,0,11,0,0,0,-1,1,0
CFG_STORAGELOWSAPCE_INFO,3,0,0,3,0,15,0,0,0,-1,1,0
CFG_NETABORT_INFO,2,0,0,2,0,11,0,0,0,-1,1,0
CFG_IPCONFLICT_INFO,2,0,0,2,0,11,0,0,0,-1,1,0
CFG_SNAPCAPINFO_INFO,9,0,0,9,0,36,0,0,0,-1,0,0
CFG_CHANNEL_TIME_SECTION,1,0,0,1,0,8,0,0,0,-1,0,0
CFG_NAS_INFO,12,0,0,12,0,56,0,0,0,-1,0,0
CFG_PRONAME,1,0,0,1,0,8,0,0,0,-1,0,0
CFG_COMM_PROP,4,0,0,4,0,21,0,0,0,-1,0,1
CFG_PTZ_INFO,11,0,0,11,0,39,0,0,0,-1,1,0
CFG_WATERMARK_INFO,5,0,0,5,0,24,0,0,0,-1,0,0
CFG_ANALYSESOURCE_INFO,5,0,0,5,0,26,0,0,0,-1,0,0
CFG_RAINBRUSH_INFO,4,0,0,4,0,22,0,0,0,-1,0,0
BREAKINGSNAPTIMES_INFO,17,0,0,0,0,71,0,0,0,-1,0,1
COILCONFIG_INFO,4,0,0,4,0,19,0,0,0,-1,0,0
DETECTOR_INFO,20,0,0,20,0,95,0,0,0,-1,0,0
CFG_TRAFFICSNAPSHOT_INFO,16,0,0,16,0,77,0,0,0,-1,2,0
CFG_OVERSPEED_INFO,3,0,0,3,0,21,0,0,0,-1,0,0
CFG_UNDERSPEED_INFO,3,0,0,3,0,21,0,0,0,-1,0,0
CFG_OVERSPEED_HIGHWAY_INFO,3,0,0,3,0,21,0,0,0,-1,0,0
VIOLATIONCODE_INFO,44,0,0,44,0,226,0,0,0,-1,0,1
CFG_TRAFFICGLOBAL_INFO,2,0,0,2,0,9,0,0,0,-1,1,0
CFG_DEV_DISPOSITION_INFO,5,0,0,5,0,27,0,0,0,-1,0,0
CFG_ATMMOTION_INFO,1,0,0,1,0,4,0,0,0,-1,0,0
CFG_DEVICESTATUS_INFO,6,0,0,6,0,30,0,0,0,-1,0,0
CFG_HARDDISK_INFO,10,0,0,10,0,38,0,0,0,-1,0,0
CFG_HARDDISKTANK_INFO,3,0,0,3,0,17,0,0,0,-1,0,0
CFG_HARDISKTANKGROUP_INFO,2,0,0,2,0,12,0,0,0,-1,0,0
CFG_RAID_INFO,9,0,0,9,0,42,0,0,0,-1,0,0
CFG_RAIDGROUP_INFO,2,0,0,2,0,12,0,0,0,-1,0,0
CFG_STORAGEPOOL_INFO,7,0,0,7,0,33,0,0,0,-1,0,0
CFG_STORAGEPOOLGROUP_INFO,2,0,0,2,0,12,0,0,0,-1,0,0
CFG_STORAGEPOSITION_INFO,6,0,0,6,0,30,0,0,0,-1,0,0
CFG_STORAGEPOSITIONGROUP_INFO,2,0,0,2,0,12,0,0,0,-1,0,0
CFG_VIDEOINDEV_INFO,8,0,0,8,0,40,0,0,0,-1,0,0
CFG_VIDEOINDEVGROUP_INFO,2,0,0,2,0,12,0,0,0,-1,0,0
CFG_DEVRECORD_INFO,7,0,0,7,0,37,0,0,0,-1,0,0
CFG_DEVRECORDGROUP_INFO,2,0,0,2,0,12,0,0,0,-1,0,0
CFG_IPSERVER_STATUS,22,0,0,22,0,48,0,0,0,-1,0,0
SNAPSOURCE_INFO_SINGLE_CHANNEL,6,0,0,6,0,30,0,0,0,-1,0,0
CFG_SNAPSOURCE_INFO,2,0,0,2,0,12,0,0,0,-1,0,0
CFG_TOUR_MODE,2,0,0,2,0,12,0,0,0,-1,0,0
CFG_VIDEO_MATRIX_PLAN,4,0,0,4,0,20,0,0,0,-1,0,0
CFG_VIDEO_MATRIX,4,0,0,4,0,21,0,0,0,-1,0,0
CFG_DSPENCODECAP_INFO,16,0,0,16,0,78,0,0,0,-1,0,0
VIDEO_INMETERING_INFO_CHANNEL,8,0,0,8,0,34,0,0,0,-1,0,0
CFG_VIDEO_INMETERING_INFO,2,0,0,2,0,12,0,0,0,-1,0,0
CFG_TRAFFIC_FLOWSTAT_ALARM_INFO,8,0,0,8,0,36,0,0,0,-1,0,1
CFG_TRAFFIC_FLOWSTAT_INFO_LANE,4,0,0,4,0,17,0,0,0,-1,1,0
CFG_VIDEO_IN_NIGHT_OPTIONS,20,0,0,20,0,75,0,0,0,-1,0,1
CFG_FLASH_CONTROL,7,0,0,7,0,32,0,0,0,-1,0,1
CFG_VIDEO_IN_SNAPSHOT_OPTIONS,11,0,0,11,0,51,0,0,0,-1,0,1
CFG_VIDEO_IN_OPTIONS,27,0,0,27,0,116,0,0,0,-1,3,0
CFG_RTSP_INFO_IN,7,0,0,0,0,28,0,0,0,-1,0,0
CFG_RTSP_INFO_OUT,7,0,0,0,0,28,0,0,0,-1,0,0
CFG_TRAFFICSNAPSHOT_NEW_INFO,2,0,0,2,0,12,0,0,0,-1,0,0
CFG_MULTICASTS_INFO_IN,5,0,0,5,0,22,0,0,0,-1,0,0
CFG_MULTICAST_INFO,9,0,0,9,0,33,0,0,0,-1,0,0
CFG_MULTICASTS_INFO,3,0,0,3,0,13,0,0,0,-1,0,1
CFG_MULTICASTS_INFO_OUT,3,0,0,3,0,12,0,0,0,-1,1,0
CFG_VIDEO_DITHER_DETECTION,4,0,0,4,0,19,0,0,0,-1,0,0
CFG_VIDEO_STRIATION_DETECTION,6,0,0,6,0,28,0,0,0,-1,0,0
CFG_VIDEO_LOSS_DETECTION,2,0,0,2,0,11,0,0,0,-1,0,0
CFG_VIDEO_COVER_DETECTION,4,0,0,4,0,19,0,0,0,-1,0,0
CFG_VIDEO_FROZEN_DETECTION,2,0,0,2,0,11,0,0,0,-1,0,0
CFG_VIDEO_BRIGHTNESS_DETECTION,6,0,0,6,0,27,0,0,0,-1,0,0
CFG_VIDEO_CONTRAST_DETECTION,6,0,0,6,0,27,0,0,0,-1,0,0
CFG_VIDEO_UNBALANCE_DETECTION,4,0,0,4,0,19,0,0,0,-1,0,0
CFG_VIDEO_NOISE_DETECTION,4,0,0,4,0,19,0,0,0,-1,0,0
CFG_VIDEO_BLUR_DETECTION,4,0,0,4,0,19,0,0,0,-1,0,0
CFG_VIDEO_SCENECHANGE_DETECTION,4,0,0,4,0,19,0,0,0,-1,0,0
CFG_VIDEO_DIAGNOSIS_PROFILE,12,0,0,12,0,64,0,0,0,-1,0,0
CFG_VIDEODIAGNOSIS_PROFILE,3,0,0,3,0,16,0,0,0,-1,0,0
CFG_TASK_REMOTEDEVICE,5,0,0,5,0,27,0,0,0,-1,0,1
CFG_TAST_SOURCES,7,0,0,7,0,26,0,0,0,-1,2,0
CFG_DIAGNOSIS_TASK,5,0,0,5,0,26,0,0,0,-1,0,0
CFG_VIDEODIAGNOSIS_TASK,3,0,0,3,0,16,0,0,0,-1,0,0
CFG_PROJECT_TASK,3,0,0,3,0,17,0,0,0,-1,0,0
CFG_DIAGNOSIS_PROJECT,4,0,0,4,0,21,0,0,0,-1,0,0
CFG_VIDEODIAGNOSIS_PROJECT,3,0,0,3,0,16,0,0,0,-1,0,0
CFG_VIDEODIAGNOSIS_GLOBAL_CHNNL,3,0,0,3,0,16,0,0,0,-1,0,0
CFG_VIDEODIAGNOSIS_GLOBAL,3,0,0,3,0,16,0,0,0,-1,0,0
CFG_STORAGEGROUP_INFO,5,0,0,5,0,25,0,0,0,-1,0,0
CFG_TRAFFIC_WORKSTATE_INFO,3,0,0,3,0,15,0,0,0,-1,1,0
CFG_RECORDTOGROUP_INFO,4,0,0,4,0,20,0,0,0,-1,0,0
AV_CFG_ChannelName,3,0,0,3,0,13,0,0,0,-1,0,0
AV_CFG_RecordMode,2,0,0,2,0,8,0,0,0,-1,0,0
AV_CFG_VideoOutAttr,15,0,0,15,0,60,0,0,0,-1,0,0
AV_CFG_RemoteDevice,17,0,0,17,0,79,0,0,0,-1,0,0
AV_CFG_RemoteChannel,4,0,0,4,0,17,0,0,0,-1,0,0
AV_CFG_DisplaySource,7,0,0,7,0,29,0,0,0,-1,0,0
AV_CFG_ChannelDisplaySource,3,0,0,3,0,13,0,0,0,-1,0,0
AV_CFG_Raid,5,0,0,5,0,22,0,0,0,-1,0,0
AV_CFG_RecordSource,7,0,0,7,0,29,0,0,0,-1,0,0
AV_CFG_VideoColor,6,0,0,6,0,24,0,0,0,-1,1,0
AV_CFG_ChannelVideoColor,3,0,0,3,0,13,0,0,0,-1,0,0
AV_CFG_Color,5,0,0,5,0,20,0,0,0,-1,0,5
AV_CFG_Rect,5,0,0,5,0,8,0,0,0,-1,0,6
AV_CFG_VideoWidgetChannelTitle,9,0,0,9,0,36,0,0,0,-1,2,1
AV_CFG_VideoWidgetTimeTitle,10,0,0,10,0,40,0,0,0,-1,2,1
AV_CFG_VideoWidgetCover,9,0,0,9,0,36,0,0,0,-1,2,0
AV_CFG_VideoWidgetCustomTitle,10,0,0,10,0,41,0,0,0,-1,2,0
AV_CFG_VideoWidget,7,0,0,7,0,30,0,0,0,-1,2,0
AV_CFG_StorageGroupChannel,3,0,0,3,0,13,0,0,0,-1,0,0
AV_CFG_StorageGroup,9,0,0,9,0,43,0,0,0,-1,0,0
AV_CFG_DSTTime,7,0,0,7,0,30,0,0,0,-1,0,1
AV_CFG_Locales,5,0,0,5,0,21,0,0,0,-1,1,0
AV_CFG_Language,2,0,0,2,0,5,0,0,0,-1,1,0
AV_CFG_AccessFilter,7,0,0,7,0,30,0,0,0,-1,0,0
AV_CFG_AutoMaintain,10,0,0,10,0,40,0,0,0,-1,0,0
AV_CFG_RemoteEvent,5,0,0,5,0,22,0,0,0,-1,0,0
AV_CFG_MonitorWallTVOut,4,0,0,4,0,18,0,0,0,-1,0,0
AV_CFG_MonitorWallBlock,6,0,0,6,0,25,0,0,0,-1,1,0
AV_CFG_MonitorWall,6,0,0,6,0,27,0,0,0,-1,0,0
AV_CFG_SpliceScreen,5,0,0,5,0,22,0,0,0,-1,1,0
AV_CFG_PtzLink,6,0,0,6,0,24,0,0,0,-1,1,0
AV_CFG_Point,3,0,0,3,0,6,0,0,0,-1,0,1
AV_CFG_Size,3,0,0,3,0,6,0,0,0,-1,0,1
AV_CFG_EventTitle,6,0,0,6,0,25,0,0,0,-1,3,0
AV_CFG_TourLink,5,0,0,5,0,21,0,0,0,-1,1,0
AV_CFG_EventHandler,44,0,0,44,0,187,0,0,0,-1,0,2
AV_CFG_TemperatureAlarm,6,0,0,6,0,25,0,0,0,-1,1,0
AV_CFG_FanSpeedAlarm,6,0,0,6,0,25,0,0,0,-1,1,0
AV_CFG_RecordBackup,2,0,0,2,0,8,0,0,0,-1,0,0
CFG_TRAFFICGATE_INFO,25,0,0,25,0,115,0,0,0,-1,1,0
CFG_TRAJUNCTION_INFO,21,0,0,21,0,101,0,0,0,-1,1,0
CFG_TRAACCIDENT_INFO,10,0,0,10,0,50,0,0,0,-1,1,0
CFG_TRAFFICCONTROL_INFO,16,0,0,16,0,80,0,0,0,-1,1,0
CFG_FACEDETECT_INFO,12,0,0,12,0,57,0,0,0,-1,1,0
CFG_PASTE_INFO,11,0,0,11,0,54,0,0,0,-1,1,0
CFG_CROSSLINE_INFO,15,0,0,15,0,71,0,0,0,-1,2,0
CFG_CROSSREGION_INFO,19,0,0,19,0,87,0,0,0,-1,2,0
CFG_WANDER_INFO,17,0,0,17,0,79,0,0,0,-1,2,0
CFG_RIOTER_INFO,13,0,0,13,0,61,0,0,0,-1,1,0
ReservedDataIntelBox,3,0,0,3,0,17,0,0,0,-1,0,0
NET_RESERVED_COMMON,3,0,0,3,0,14,0,0,0,-1,0,0
ReservedPara,2,0,0,2,0,16,0,0,0,-1,0,0
MEDIA_QUERY_TRAFFICCAR_PARAM,20,0,0,20,0,95,0,0,0,-1,1,0
MEDIAFILE_TRAFFICCAR_INFO,31,0,0,31,0,141,0,0,0,-1,1,0
DH_DEV_ENABLE_INFO,1,0,0,1,0,5,0,0,0,-1,0,0
DH_QUERY_SNAP_INFO,11,0,0,11,0,65,0,0,0,-1,0,0
DH_SNAP_ATTR_EN,2,0,0,2,0,10,0,0,0,-1,0,0
SNAP_PARAMS,7,0,0,7,0,29,0,0,0,-1,0,1
DEV_ENCODER_INFO,24,0,0,24,0,46,0,0,0,-1,0,1
DEV_DECODER_INFO,9,0,0,9,0,18,0,0,0,-1,0,1
HaiKangSDK,1107,320,0,1107,320,15535,320,0,0,1,70,3
NET_DVR_TIME,6,0,0,6,0,10,0,0,0,-1,0,43
NET_DVR_TIME_V30,9,0,0,9,0,14,0,0,0,-1,0,2
NET_DVR_TIME_EX,7,0,0,7,0,11,0,0,0,-1,0,6
NET_DVR_SCHEDTIME,4,0,0,4,0,8,0,0,0,-1,0,7
NET_DVR_STRUCTHEAD,3,0,0,3,0,7,0,0,0,-1,0,0
NET_DVR_HANDLEEXCEPTION_V41,4,0,0,4,0,19,0,0,0,-1,0,0
NET_DVR_HANDLEEXCEPTION_V40,5,0,0,5,0,20,0,0,0,-1,0,1
NET_DVR_HANDLEEXCEPTION_V30,2,0,0,2,0,16,0,0,0,-1,0,15
NET_DVR_HANDLEEXCEPTION,2,0,0,2,0,13,0,0,0,-1,0,5
NET_DVR_DEVICECFG,27,0,0,27,0,34,0,0,0,-1,0,0
NET_DVR_IPADDR,2,1,0,2,1,17,1,0,0,0,0,45
NET_DVR_ETHERNET_V30,7,0,0,7,0,13,0,0,0,-1,1,1
NET_DVR_ETHERNET,5,0,0,5,0,12,0,0,0,-1,0,0
NET_DVR_PPPOECFG,4,0,0,4,0,10,0,0,0,-1,1,2
NET_DVR_NETCFG_V30,17,0,0,17,0,26,0,0,0,-1,2,0
NET_DVR_ETHERNET_MULTI,13,0,0,13,0,20,0,0,0,-1,1,0
NET_DVR_NETCFG_MULTI,20,0,0,20,0,28,0,0,0,-1,2,0
NET_DVR_NETCFG,14,0,0,14,0,28,0,0,0,-1,0,0
NET_DVR_SIP_CFG,14,0,0,14,0,25,0,0,0,-1,1,0
NET_DVR_IP_VIEW_DEVCFG,9,0,0,9,0,15,0,0,0,-1,0,0
NET_DVR_IP_VIEW_AUDIO_CFG,6,0,0,6,0,11,0,0,0,-1,0,0
NET_DVR_IP_VIEW_CALL_CFG,11,0,0,11,0,21,0,0,0,-1,0,0
NET_DVR_RECORDCHAN,4,0,0,4,0,10,0,0,0,-1,0,0
NET_DVR_MOTION_V30,8,0,0,8,0,15,0,0,0,-1,1,1
NET_DVR_MOTION,7,0,0,7,0,15,0,0,0,-1,1,2
NET_DVR_HIDEALARM_V30,7,0,0,7,0,12,0,0,0,-1,1,1
NET_DVR_HIDEALARM,7,0,0,7,0,12,0,0,0,-1,1,2
NET_DVR_VILOST_V30,3,0,0,3,0,8,0,0,0,-1,1,1
NET_DVR_VILOST,3,0,0,3,0,8,0,0,0,-1,1,2
NET_DVR_SHELTER,4,0,0,4,0,8,0,0,0,-1,0,0
NET_DVR_COLOR,4,0,0,4,0,8,0,0,0,-1,0,1
NET_DVR_PICCFG_V30,22,0,0,22,0,47,0,0,0,-1,3,0
NET_DVR_PICCFG_EX,22,0,0,22,0,45,0,0,0,-1,3,0
NET_DVR_PICCFG,25,0,0,25,0,47,0,0,0,-1,3,0
NET_DVR_COMPRESSION_INFO_V30,16,0,0,16,0,24,0,0,0,-1,0,1
NET_DVR_COMPRESSIONCFG_V30,5,0,0,5,0,9,0,0,0,-1,1,1
NET_DVR_COMPRESSION_INFO,6,0,0,6,0,12,0,0,0,-1,0,1
NET_DVR_COMPRESSIONCFG,3,0,0,3,0,7,0,0,0,-1,1,0
NET_DVR_COMPRESSION_INFO_EX,9,0,0,9,0,16,0,0,0,-1,0,2
NET_DVR_COMPRESSIONCFG_EX,3,0,0,3,0,7,0,0,0,-1,1,0
NET_DVR_RECORDSCHED,3,0,0,3,0,8,0,0,0,-1,1,0
NET_DVR_RECORDDAY,3,0,0,3,0,7,0,0,0,-1,0,1
NET_DVR_RECORD_V30,15,0,0,15,0,22,0,0,0,-1,0,0
NET_DVR_RECORD,6,0,0,6,0,12,0,0,0,-1,0,0
NET_DVR_PTZ_PROTOCOL,2,0,0,2,0,7,0,0,0,-1,0,0
NET_DVR_PTZCFG,4,0,0,4,0,10,0,0,0,-1,0,1
NET_DVR_DECODERCFG_V30,11,0,0,11,0,18,0,0,0,-1,0,0
NET_DVR_DECODERCFG,11,0,0,11,0,18,0,0,0,-1,0,0
NET_DVR_PPPCFG_V30,11,0,0,11,0,19,0,0,0,-1,1,1
NET_DVR_PPPCFG,11,0,0,11,0,21,0,0,0,-1,0,1
NET_DVR_SINGLE_RS232,6,0,0,6,0,10,0,0,0,-1,0,2
NET_DVR_RS232CFG_V30,4,0,0,4,0,9,0,0,0,-1,2,0
NET_DVR_RS232CFG,8,0,0,8,0,12,0,0,0,-1,1,0
NET_DVR_PRESETCHAN_INFO,2,0,0,2,0,6,0,0,0,-1,0,0
NET_DVR_CRUISECHAN_INFO,2,0,0,2,0,6,0,0,0,-1,0,0
NET_DVR_PTZTRACKCHAN_INFO,2,0,0,2,0,6,0,0,0,-1,0,0
NET_DVR_ALARMINCFG_V40,23,0,0,23,0,46,0,0,0,-1,0,0
NET_DVR_ALARMINCFG_V30,16,0,0,16,0,32,0,0,0,-1,1,0
STRUCT_IO_ALARM,4,0,0,4,0,9,0,0,0,-1,0,0
STRUCT_ALARM_CHANNEL,2,0,0,2,0,7,0,0,0,-1,0,0
STRUCT_ALARM_HD,2,0,0,2,0,7,0,0,0,-1,0,0
UNION_ALARMINFO_FIXED,4,0,0,4,0,13,0,0,0,-1,0,1
NET_DVR_ALRAM_FIXED_HEADER,3,0,0,3,0,7,0,0,0,-1,2,1
NET_DVR_ALARMINFO_V40,2,0,0,2,0,6,0,0,0,-1,1,0
NET_DVR_ALARMINCFG,15,0,0,15,0,28,0,0,0,-1,1,0
NET_DVR_ANALOG_ALARMINCFG,10,0,0,10,0,19,0,0,0,-1,1,0
NET_DVR_ALARMINFO_V30,6,2,0,6,2,55,8,0,0,0,0,0
NET_DVR_ALARM_HOT_SPARE,4,0,0,4,0,9,0,0,0,-1,1,0
NET_DVR_ALARMINFO,6,2,0,6,2,55,8,0,0,0,0,0
NET_DVR_IPDEVINFO,6,1,0,6,1,20,1,0,0,0,1,1
NET_DVR_IPDEVINFO_V31,10,1,0,10,1,26,1,0,0,0,1,1
NET_DVR_IPCHANINFO,6,1,0,6,1,15,1,0,0,0,0,2
NET_DVR_IPPARACFG,4,1,0,4,1,28,3,0,0,0,2,0
NET_DVR_IPPARACFG_V31,4,1,0,4,1,28,3,0,0,0,2,0
NET_DVR_IPSERVER_STREAM,13,1,0,13,1,34,1,0,0,0,1,0
NET_DVR_STREAM_MEDIA_SERVER_CFG,6,0,0,6,0,12,0,0,0,-1,1,3
NET_DVR_DEV_CHAN_INFO,14,0,0,14,0,22,0,0,0,-1,1,3
NET_DVR_PU_STREAM_CFG,3,0,0,3,0,7,0,0,0,-1,2,5
NET_DVR_DDNS_STREAM_CFG,21,1,0,21,1,42,1,0,0,0,1,0
NET_DVR_PU_STREAM_URL,6,1,0,6,1,17,1,0,0,0,0,0
NET_DVR_HKDDNS_STREAM,13,1,0,13,1,36,1,0,0,0,0,0
NET_DVR_IPCHANINFO_V40,8,0,0,8,0,13,0,0,0,-1,0,0
NET_DVR_GET_STREAM_UNION,1,0,0,1,0,7,0,0,0,-1,0,1
NET_DVR_STREAM_MODE,3,1,0,3,1,16,1,0,0,0,1,0
NET_DVR_IPPARACFG_V40,9,0,0,9,0,21,0,0,0,-1,0,0
NET_DVR_ALARMINFO_DEV,5,0,0,5,0,12,0,0,0,-1,1,0
NET_DVR_IPALARMOUTINFO,3,1,0,3,1,13,1,0,0,0,0,1
NET_DVR_IPALARMOUTCFG,2,1,0,2,1,16,2,0,0,0,1,0
NET_DVR_IPALARMOUTINFO_V40,3,0,0,3,0,8,0,0,0,-1,0,0
NET_DVR_IPALARMOUTCFG_V40,4,0,0,4,0,10,0,0,0,-1,0,0
NET_DVR_IPALARMININFO,3,0,0,3,0,8,0,0,0,-1,0,0
NET_DVR_IPALARMINCFG,2,0,0,2,0,7,0,0,0,-1,0,0
NET_DVR_IPALARMININFO_V40,3,0,0,3,0,8,0,0,0,-1,0,0
NET_DVR_IPALARMINCFG_V40,4,0,0,4,0,10,0,0,0,-1,0,0
NET_DVR_IPALARMINFO,5,0,0,5,0,14,0,0,0,-1,0,0
NET_DVR_IPALARMINFO_V31,5,0,0,5,0,14,0,0,0,-1,0,0
NET_DVR_IPALARMINFO_V40,6,0,0,6,0,16,0,0,0,-1,0,0
HD_STAT,0,0,0,0,0,13,0,0,0,-1,0,0
NET_DVR_SINGLE_HD,15,0,0,15,0,25,0,0,0,-1,0,0
NET_DVR_HDCFG,3,0,0,3,0,8,0,0,0,-1,0,0
NET_DVR_SINGLE_HDGROUP_V40,3,0,0,3,0,9,0,0,0,-1,0,0
NET_DVR_HDGROUP_CFG_V40,5,0,0,5,0,11,0,0,0,-1,0,0
NET_DVR_SINGLE_HDGROUP,3,0,0,3,0,9,0,0,0,-1,0,0
NET_DVR_HDGROUP_CFG,3,0,0,3,0,8,0,0,0,-1,0,0
NET_DVR_SCALECFG,4,0,0,4,0,9,0,0,0,-1,0,1
NET_DVR_ALARMOUTCFG_V30,5,0,0,5,0,13,0,0,0,-1,0,0
NET_DVR_ALARMOUTCFG,4,0,0,4,0,11,0,0,0,-1,0,0
NET_DVR_PREVIEWCFG_V30,6,0,0,6,0,12,0,0,0,-1,0,0
NET_DVR_PREVIEWCFG,5,0,0,5,0,10,0,0,0,-1,0,0
NET_DVR_VGAPARA,3,0,0,3,0,7,0,0,0,-1,0,0
NET_DVR_MATRIXPARA_V30,3,0,0,3,0,9,0,0,0,-1,0,0
NET_DVR_MATRIXPARA,2,0,0,2,0,6,0,0,0,-1,0,1
NET_DVR_VOOUT,7,0,0,7,0,11,0,0,0,-1,0,0
NET_DVR_VIDEOOUT_V30,5,0,0,5,0,13,0,0,0,-1,0,0
NET_DVR_VIDEOOUT,4,0,0,4,0,10,0,0,0,-1,1,0
NET_DVR_USER_INFO_V40,19,0,0,19,0,65,0,0,0,-1,1,0
NET_DVR_USER_INFO_V30,19,0,0,19,0,68,0,0,0,-1,1,0
NET_DVR_USER_INFO_EX,9,0,0,9,0,36,0,0,0,-1,0,0
NET_DVR_USER_INFO,6,0,0,6,0,33,0,0,0,-1,0,0
NET_DVR_USER_V40,3,0,0,3,0,8,0,0,0,-1,0,0
NET_DVR_USER_V30,2,0,0,2,0,7,0,0,0,-1,0,0
NET_DVR_USER_EX,2,0,0,2,0,7,0,0,0,-1,0,0
NET_DVR_USER,2,0,0,2,0,7,0,0,0,-1,0,0
NET_DVR_EXCEPTION_V40,4,0,0,4,0,10,0,0,0,-1,0,0
NET_DVR_EXCEPTION_V30,2,0,0,2,0,8,0,0,0,-1,0,0
NET_DVR_EXCEPTION,2,0,0,2,0,8,0,0,0,-1,0,0
NET_DVR_CHANNELSTATE_V30,11,1,0,11,1,28,2,0,0,0,1,1
NET_DVR_CHANNELSTATE,7,0,0,7,0,12,0,0,0,-1,0,0
NET_DVR_DISKSTATE,3,0,0,3,0,7,0,0,0,-1,0,0
NET_DVR_WORKSTATE_V40,9,0,0,9,0,19,0,0,0,-1,0,0
NET_DVR_GETWORKSTATE_COND,7,0,0,7,0,15,0,0,0,-1,0,0
NET_DVR_WORKSTATE_V30,8,1,0,8,1,32,2,0,0,0,1,0
NET_DVR_WORKSTATE,6,1,0,6,1,22,1,0,0,0,0,1
NET_DVR_LOG_V30,13,0,0,13,0,20,0,0,0,-1,2,1
NET_DVR_LOG,11,0,0,11,0,18,0,0,0,-1,1,1
NET_DVR_ALARMHOST_SEARCH_LOG_PARAM,5,0,0,5,0,10,0,0,0,-1,1,0
NET_DVR_ALARMHOST_LOG_RET,9,0,0,9,0,16,0,0,0,-1,2,0
NET_DVR_ALARMOUTSTATUS_V30,1,1,0,1,1,11,1,0,0,0,0,0
NET_DVR_ALARMOUTSTATUS,1,0,0,1,0,6,0,0,0,-1,0,1
NET_DVR_TRADEINFO,11,0,0,11,0,18,0,0,0,-1,0,0
NET_DVR_FRAMETYPECODE,1,0,0,1,0,6,0,0,0,-1,0,5
NET_DVR_FRAMEFORMAT,14,0,0,14,0,21,0,0,0,-1,0,1
NET_DVR_FILTER,6,0,0,6,0,13,0,0,0,-1,0,1
NET_DVR_IDENTIFICAT,6,0,0,6,0,12,0,0,0,-1,1,1
NET_DVR_PACKAGE_LOCATION,8,0,0,8,0,14,0,0,0,-1,1,4
NET_DVR_PACKAGE_LENGTH,11,0,0,11,0,18,0,0,0,-1,1,1
NET_DVR_OSD_POSITION,5,0,0,5,0,11,0,0,0,-1,0,4
NET_DVR_DATE_FORMAT,9,0,0,9,0,17,0,0,0,-1,0,1
NET_DVRT_TIME_FORMAT,10,0,0,10,0,20,0,0,0,-1,0,1
NET_DVR_OVERLAY_CHANNEL,4,0,0,4,0,10,0,0,0,-1,0,1
NET_DVR_ATM_PACKAGE_ACTION,6,0,0,6,0,11,0,0,0,-1,3,0
NET_DVR_ATM_PACKAGE_DATE,4,0,0,4,0,9,0,0,0,-1,3,1
NET_DVR_ATM_PACKAGE_TIME,4,0,0,4,0,9,0,0,0,-1,3,1
NET_DVR_ATM_PACKAGE_OTHERS,5,0,0,5,0,10,0,0,0,-1,4,1
NET_DVR_ATM_USER_DEFINE_PROTOCOL,10,0,0,10,0,16,0,0,0,-1,6,1
NET_DVR_ATM_FRAMEFORMAT_V30,10,0,0,10,0,17,0,0,0,-1,2,0
NET_DVR_ATM_PROTO_TYPE,2,0,0,2,0,7,0,0,0,-1,0,1
NET_DVR_ATM_PROTO_LIST,2,0,0,2,0,7,0,0,0,-1,0,1
NET_DVR_ATM_PROTOCOL,6,0,0,6,0,10,0,0,0,-1,2,1
NET_DVR_DECODERINFO,7,0,0,7,0,15,0,0,0,-1,0,1
NET_DVR_DECODERSTATE,8,0,0,8,0,16,0,0,0,-1,0,1
NET_DVR_DECCHANINFO,7,0,0,7,0,14,0,0,0,-1,0,1
NET_DVR_DECINFO,4,0,0,4,0,9,0,0,0,-1,0,0
NET_DVR_DECCFG,3,0,0,3,0,8,0,0,0,-1,0,1
NET_DVR_PORTINFO,5,0,0,5,0,11,0,0,0,-1,0,0
NET_DVR_PORTCFG,2,0,0,2,0,7,0,0,0,-1,0,1
bytime,5,0,0,5,0,11,0,0,0,-1,1,0
NET_DVR_PLAYREMOTEFILE,4,0,0,4,0,19,0,0,0,-1,0,1
mode_size,2,0,0,2,0,9,0,0,0,-1,0,0
NET_DVR_DECCHANSTATUS,6,0,0,6,0,44,0,0,0,-1,0,0
objectInfo,0,0,0,0,0,32,0,0,0,-1,0,0
userInfo,3,0,0,3,0,10,0,0,0,-1,0,0
fileInfo,1,0,0,1,0,6,0,0,0,-1,0,0
timeInfo,5,0,0,5,0,11,0,0,0,-1,1,0
NET_DVR_DECSTATUS,2,0,0,2,0,7,0,0,0,-1,0,1
NET_DVR_SHOWSTRINGINFO,5,0,0,5,0,10,0,0,0,-1,0,0
NET_DVR_SHOWSTRING_V30,2,0,0,2,0,7,0,0,0,-1,0,0
NET_DVR_SHOWSTRING_EX,2,0,0,2,0,7,0,0,0,-1,0,0
NET_DVR_SHOWSTRING,2,0,0,2,0,7,0,0,0,-1,0,0
struReceiver,2,0,0,2,0,8,0,0,0,-1,0,0
NET_DVR_EMAILCFG_V30,12,0,0,12,0,34,0,0,0,-1,0,0
struSender,2,0,0,2,0,8,0,0,0,-1,0,0
NET_DVR_CRUISE_PARA,6,0,0,6,0,14,0,0,0,-1,0,0
NET_DVR_TIMEPOINT,5,0,0,5,0,9,0,0,0,-1,0,1
NET_DVR_ZONEANDDST,7,0,0,7,0,13,0,0,0,-1,1,0
NET_DVR_JPEGPARA,2,0,0,2,0,9,0,0,0,-1,0,16
NET_DVR_AUXOUTCFG,5,0,0,5,0,11,0,0,0,-1,0,0
NET_DVR_NTPPARA,8,0,0,8,0,14,0,0,0,-1,0,1
NET_DVR_DDNSPARA,5,0,0,5,0,13,0,0,0,-1,0,1
NET_DVR_DDNSPARA_EX,8,0,0,8,0,17,0,0,0,-1,0,0
struDDNS,6,0,0,6,0,15,0,0,0,-1,0,0
NET_DVR_DDNSPARA_V30,5,0,0,5,0,12,0,0,0,-1,0,0
NET_DVR_EMAILPARA,8,0,0,8,0,20,0,0,0,-1,0,0
NET_DVR_NETAPPCFG,5,0,0,5,0,11,0,0,0,-1,2,0
NET_DVR_SINGLE_NFS,2,1,0,2,1,13,1,0,0,0,0,1
NET_DVR_NFSCFG,2,1,0,2,1,17,2,0,0,0,1,0
NET_DVR_ISCSI_CFG,6,0,0,6,0,12,0,0,0,-1,1,0
NET_DVR_CRUISE_POINT,4,1,0,4,1,16,1,0,0,0,0,1
NET_DVR_CRUISE_RET,1,1,0,1,1,15,2,0,0,0,1,1
NET_DVR_NETCFG_OTHER,4,0,0,4,0,11,0,0,0,-1,0,0
NET_DVR_MATRIX_DECINFO,8,0,0,8,0,16,0,0,0,-1,0,3
NET_DVR_MATRIX_DYNAMIC_DEC,2,0,0,2,0,6,0,0,0,-1,1,1
NET_DVR_MATRIX_DEC_CHAN_STATUS,4,0,0,4,0,9,0,0,0,-1,0,1
NET_DVR_MATRIX_DEC_CHAN_INFO,6,0,0,6,0,11,0,0,0,-1,2,1
NET_DVR_MATRIX_DECCHANINFO,2,0,0,2,0,6,0,0,0,-1,1,0
NET_DVR_MATRIX_LOOP_DECINFO,3,0,0,3,0,8,0,0,0,-1,0,1
TTY_CONFIG,6,0,0,6,0,11,0,0,0,-1,0,2
NET_DVR_MATRIX_TRAN_CHAN_INFO,8,0,0,8,0,24,0,0,0,-1,1,0
NET_DVR_MATRIX_TRAN_CHAN_CONFIG,5,0,0,5,0,11,0,0,0,-1,0,1
NET_DVR_MATRIX_DEC_REMOTE_PLAY,11,0,0,11,0,19,0,0,0,-1,1,2
NET_DVR_MATRIX_DEC_REMOTE_PLAY_CONTROL,3,0,0,3,0,7,0,0,0,-1,0,0
NET_DVR_MATRIX_DEC_REMOTE_PLAY_STATUS,8,0,0,8,0,13,0,0,0,-1,0,1
NET_DVR_MATRIX_PASSIVEMODE,4,0,0,4,0,10,0,0,0,-1,1,2
NET_DVR_MATRIX_TRAN_CHAN_INFO_V30,12,0,0,12,0,29,0,0,0,-1,2,0
NET_DVR_MATRIX_TRAN_CHAN_CONFIG_V30,5,0,0,5,0,11,0,0,0,-1,0,1
NET_DVR_MATRIX_CHAN_INFO_V30,3,0,0,3,0,7,0,0,0,-1,2,0
NET_DVR_MATRIX_LOOP_DECINFO_V30,4,0,0,4,0,10,0,0,0,-1,0,1
NET_DVR_MATRIX_DEC_CHAN_INFO_V30,10,0,0,10,0,16,0,0,0,-1,4,1
NET_DVR_MATRIX_ABILITY,15,0,0,15,0,26,0,0,0,-1,0,0
NET_DVR_DISP_LOGOCFG,9,0,0,9,0,15,0,0,0,-1,0,1
NET_DVR_MATRIX_CHAN_STATUS,17,0,0,17,0,24,0,0,0,-1,0,0
VGA_MODE,0,0,0,0,0,45,0,0,0,-1,0,0
VIDEO_STANDARD,0,0,0,0,0,6,0,0,0,-1,0,0
UNION_VIDEOPLATFORM,1,0,0,1,0,7,0,0,0,-1,0,0
UNION_NOTVIDEOPLATFORM,1,0,0,1,0,6,0,0,0,-1,0,0
NET_DVR_VGA_DISP_CHAN_CFG,11,0,0,11,0,29,0,0,0,-1,0,1
struDiff,6,0,0,6,0,25,0,0,0,-1,0,0
NET_DVR_DISP_CHAN_STATUS,8,0,0,8,0,15,0,0,0,-1,0,0
NET_DVR_DECODER_WORK_STATUS,7,0,0,7,0,16,0,0,0,-1,0,1
NET_DVR_PASSIVEDECODE_CONTROL,4,0,0,4,0,9,0,0,0,-1,0,0
NET_DVR_MATRIX_DECCHAN_CONTROL,4,0,0,4,0,9,0,0,0,-1,0,0
NET_DVR_SUBSYSTEMINFO,14,0,0,14,0,25,0,0,0,-1,1,0
NET_DVR_ALLSUBSYSTEMINFO,3,0,0,3,0,9,0,0,0,-1,0,0
NET_DVR_LOOPPLAN_SUBCFG,4,0,0,4,0,10,0,0,0,-1,0,0
NET_DVR_ALARMMODECFG,4,0,0,4,0,9,0,0,0,-1,0,0
NET_DVR_CODESPLITTERINFO,9,0,0,9,0,17,0,0,0,-1,1,0
NET_DVR_ASSOCIATECFG,4,0,0,4,0,9,0,0,0,-1,0,1
NET_DVR_DYNAMICDECODE,4,0,0,4,0,9,0,0,0,-1,2,0
NET_DVR_DECODESCHED,5,0,0,5,0,10,0,0,0,-1,2,0
NET_DVR_PLANDECODE,3,0,0,3,0,9,0,0,0,-1,0,0
NET_DVR_VIDEOPLATFORM_ABILITY,5,0,0,5,0,11,0,0,0,-1,0,0
NET_DVR_SUBSYSTEM_ABILITY,6,0,0,6,0,12,0,0,0,-1,1,0
struDecoderSystemAbility,11,0,0,11,0,19,0,0,0,-1,0,1
struAbility,1,0,0,1,0,7,0,0,0,-1,0,0
NET_DVR_VIDEOPLATFORM_ABILITY_V40,33,0,0,33,0,39,0,0,0,-1,0,0
NET_DVR_SINGLESCREENCFG,4,0,0,4,0,9,0,0,0,-1,0,0
NET_DVR_BIGSCREENCFG,13,1,0,13,1,29,1,0,0,0,0,1
NET_DVR_EMAILCFG,14,0,0,14,0,27,0,0,0,-1,0,0
NET_DVR_COMPRESSIONCFG_NEW,3,0,0,3,0,7,0,0,0,-1,1,0
NET_DVR_PTZPOS,4,0,0,4,0,8,0,0,0,-1,0,5
NET_DVR_PTZSCOPE,6,0,0,6,0,10,0,0,0,-1,0,0
NET_DVR_RTSPCFG,3,0,0,3,0,8,0,0,0,-1,0,1
NET_DVR_DEVICEINFO,7,0,0,7,0,12,0,0,0,-1,0,1
NET_DVR_DEVICEINFO_V30,24,0,0,24,0,62,0,0,0,-1,0,3
SDK_NETWORK_ENVIRONMENT,0,0,0,0,0,5,0,0,0,-1,0,0
DISPLAY_MODE,0,0,0,0,0,5,0,0,0,-1,0,0
SEND_MODE,0,0,0,0,0,8,0,0,0,-1,0,0
CAPTURE_MODE,0,0,0,0,0,5,0,0,0,-1,0,0
REALSOUND_MODE,0,0,0,0,0,5,0,0,0,-1,0,0
NET_DVR_CLIENTINFO,4,0,0,4,0,7,0,0,0,-1,0,1
NET_DVR_SDKSTATE,16,0,0,16,0,21,0,0,0,-1,0,1
NET_DVR_SDKABL,12,0,0,12,0,17,0,0,0,-1,0,1
NET_DVR_ALARMER,18,0,0,18,0,28,0,0,0,-1,0,2
NET_DVR_DISPLAY_PARA,7,0,0,7,0,11,0,0,0,-1,0,2
NET_DVR_CARDINFO,4,0,0,4,0,9,0,0,0,-1,1,1
NET_DVR_FIND_DATA,4,0,0,4,0,9,0,0,0,-1,1,1
NET_DVR_FINDDATA_V30,8,0,0,8,0,16,0,0,0,-1,1,1
NET_DVR_FINDDATA_V40,11,0,0,11,0,19,0,0,0,-1,1,1
NET_DVR_FINDDATA_CARD,5,0,0,5,0,11,0,0,0,-1,1,1
NET_DVR_FILECOND,7,0,0,7,0,13,0,0,0,-1,1,1
NET_DVR_POINT_FRAME,5,0,0,5,0,9,0,0,0,-1,0,2
NET_DVR_COMPRESSION_AUDIO,2,0,0,2,0,7,0,0,0,-1,0,0
NET_DVR_AP_INFO,6,0,0,6,0,11,0,0,0,-1,0,0
NET_DVR_AP_INFO_LIST,3,0,0,3,0,8,0,0,0,-1,0,0
NET_DVR_WIFIETHERNET,10,0,0,10,0,22,0,0,0,-1,0,1
UNION_EAP_TTLS,7,0,0,7,0,16,0,0,0,-1,0,0
UNION_EAP_PEAP,8,0,0,8,0,16,0,0,0,-1,0,0
UNION_EAP_TLS,5,0,0,5,0,13,0,0,0,-1,0,0
WIFI_AUTH_PARAM,3,0,0,3,0,12,0,0,0,-1,0,1
UNION_WEP,5,0,0,5,0,10,0,0,0,-1,0,0
UNION_WPA_PSK,3,0,0,3,0,8,0,0,0,-1,0,0
UNION_WPA_WPA2,4,0,0,4,0,9,0,0,0,-1,1,0
NET_DVR_WIFI_CFG_EX,4,0,0,4,0,21,0,0,0,-1,1,1
key,3,0,0,3,0,12,0,0,0,-1,0,0
NET_DVR_WIFI_CFG,2,0,0,2,0,6,0,0,0,-1,1,0
NET_DVR_WIFI_CONNECT_STATUS,5,0,0,5,0,11,0,0,0,-1,0,0
NET_DVR_WIFI_WORKMODE,2,0,0,2,0,6,0,0,0,-1,0,0
NET_VCA_CTRLINFO,6,0,0,6,0,12,0,0,0,-1,0,0
NET_VCA_CTRLCFG,3,0,0,3,0,9,0,0,0,-1,0,0
NET_VCA_DEV_ABILITY,20,0,0,20,0,27,0,0,0,-1,0,0
VCA_ABILITY_TYPE,0,0,0,0,0,31,0,0,0,-1,0,0
VCA_CHAN_ABILITY_TYPE,0,0,0,0,0,19,0,0,0,-1,0,0
VCA_CHAN_MODE_TYPE,0,0,0,0,0,6,0,0,0,-1,0,0
TFS_CHAN_MODE_TYPE,0,0,0,0,0,5,0,0,0,-1,0,0
BEHAVIOR_SCENE_MODE_TYPE,0,0,0,0,0,6,0,0,0,-1,0,0
NET_VCA_CHAN_IN_PARAM,3,0,0,3,0,8,0,0,0,-1,0,0
NET_VCA_BEHAVIOR_ABILITY,6,0,0,6,0,12,0,0,0,-1,0,0
NET_DVR_ITS_ABILITY,5,0,0,5,0,10,0,0,0,-1,0,0
NET_VCA_POINT,2,0,0,2,0,6,0,0,0,-1,0,12
NET_VCA_RECT,4,0,0,4,0,8,0,0,0,-1,0,12
VCA_EVENT_TYPE,0,0,0,0,0,30,0,0,0,-1,0,4
VCA_RULE_EVENT_TYPE_EX,0,0,0,0,0,30,0,0,0,-1,0,0
VCA_CROSS_DIRECTION,0,0,0,0,0,6,0,0,0,-1,0,1
NET_VCA_LINE,2,0,0,2,0,12,0,0,0,-1,1,3
NET_VCA_POLYGON,2,0,0,2,0,8,0,0,0,-1,0,35
NET_VCA_TRAVERSE_PLANE,5,0,0,5,0,17,0,0,0,-1,2,0
NET_VCA_AREA,2,0,0,2,0,7,0,0,0,-1,1,0
NET_VCA_INTRUSION,5,0,0,5,0,10,0,0,0,-1,1,0
NET_VCA_LOITER,3,0,0,3,0,8,0,0,0,-1,1,0
NET_VCA_TAKE_LEFT,3,0,0,3,0,8,0,0,0,-1,1,0
NET_VCA_PARKING,3,0,0,3,0,8,0,0,0,-1,1,0
NET_VCA_RUN,5,0,0,5,0,10,0,0,0,-1,1,0
NET_VCA_HIGH_DENSITY,4,0,0,4,0,9,0,0,0,-1,1,0
NET_VCA_VIOLENT_MOTION,5,0,0,5,0,10,0,0,0,-1,1,0
NET_VCA_REACH_HIGHT,3,0,0,3,0,8,0,0,0,-1,1,0
NET_VCA_GET_UP,5,0,0,5,0,10,0,0,0,-1,1,0
NET_VCA_LEFT,4,0,0,4,0,9,0,0,0,-1,1,0
NET_VCA_TAKE,4,0,0,4,0,9,0,0,0,-1,1,0
NET_VCA_OVER_TIME,3,0,0,3,0,8,0,0,0,-1,1,0
NET_VCA_HUMAN_ENTER,1,0,0,1,0,6,0,0,0,-1,0,0
NET_VCA_STICK_UP,4,0,0,4,0,9,0,0,0,-1,1,0
NET_VCA_SCANNER,4,0,0,4,0,9,0,0,0,-1,1,0
NET_VCA_LEAVE_POSITION,6,0,0,6,0,11,0,0,0,-1,1,0
NET_VCA_TRAIL,4,0,0,4,0,9,0,0,0,-1,1,0
NET_VCA_FALL_DOWN,4,0,0,4,0,9,0,0,0,-1,1,0
NET_VCA_AUDIO_ABNORMAL,6,0,0,6,0,11,0,0,0,-1,0,1
NET_DVR_AUDIO_EXCEPTION,10,0,0,10,0,18,0,0,0,-1,2,0
NET_VCA_TOILET_TARRY,3,0,0,3,0,8,0,0,0,-1,1,0
NET_VCA_YARD_TARRY,3,0,0,3,0,8,0,0,0,-1,1,0
NET_VCA_ADV_REACH_HEIGHT,3,0,0,3,0,8,0,0,0,-1,1,0
NET_VCA_ADV_TRAVERSE_PLANE,4,0,0,4,0,9,0,0,0,-1,1,0
NET_VCA_EVENT_UNION,26,0,0,26,0,57,0,0,0,-1,0,5
SIZE_FILTER_MODE,0,0,0,0,0,6,0,0,0,-1,0,0
NET_VCA_SIZE_FILTER,5,0,0,5,0,10,0,0,0,-1,1,11
NET_VCA_ONE_RULE,9,0,0,9,0,17,0,0,0,-1,4,0
NET_VCA_RULECFG,5,0,0,5,0,11,0,0,0,-1,1,1
NET_VCA_FILTER_STRATEGY,2,0,0,2,0,7,0,0,0,-1,0,1
NET_VCA_RULE_TRIGGER_PARAM,5,0,0,5,0,11,0,0,0,-1,0,1
NET_VCA_ONE_RULE_V41,15,0,0,15,0,25,0,0,0,-1,6,0
NET_VCA_RULECFG_V41,8,0,0,8,0,14,0,0,0,-1,1,1
NET_VCA_TARGET_INFO,3,0,0,3,0,8,0,0,0,-1,1,3
NET_VCA_RULE_INFO,6,0,0,6,0,11,0,0,0,-1,2,1
NET_VCA_DEV_INFO,4,0,0,4,0,8,0,0,0,-1,1,16
NET_VCA_RULE_ALARM,11,0,0,11,0,17,0,0,0,-1,3,0
NET_VCA_DRAW_MODE,6,0,0,6,0,11,0,0,0,-1,0,1
OBJECT_TYPE_ENUM,0,0,0,0,0,4,0,0,0,-1,0,0
NET_DVR_OBJECT_COLOR_COND,3,0,0,3,0,8,0,0,0,-1,0,0
NET_DVR_PIC,8,0,0,8,0,14,0,0,0,-1,0,1
NET_DVR_OBJECT_COLOR_UNION,3,0,0,3,0,8,0,0,0,-1,2,1
NET_DVR_OBJECT_COLOR,6,0,0,6,0,12,0,0,0,-1,1,0
AREA_TYPE_ENUM,0,0,0,0,0,5,0,0,0,-1,0,0
NET_DVR_AUXAREA,5,0,0,5,0,11,0,0,0,-1,1,0
NET_DVR_AUXAREA_LIST,3,0,0,3,0,9,0,0,0,-1,0,0
CHAN_WORKMODE_ENUM,0,0,0,0,0,6,0,0,0,-1,0,0
NET_DVR_CHANNEL_WORKMODE,3,0,0,3,0,8,0,0,0,-1,0,0
NET_DVR_CHANNEL,7,0,0,7,0,16,0,0,0,-1,0,0
NET_DVR_SLAVE_CHANNEL_UNION,3,0,0,3,0,11,0,0,0,-1,0,1
NET_DVR_SLAVE_CHANNEL_PARAM,4,0,0,4,0,10,0,0,0,-1,1,0
NET_DVR_SLAVE_CHANNEL_CFG,3,0,0,3,0,9,0,0,0,-1,0,0
VQD_EVENT_ENUM,0,0,0,0,0,14,0,0,0,-1,0,0
NET_DVR_VQD_EVENT_COND,3,0,0,3,0,8,0,0,0,-1,0,0
NET_DVR_VQD_EVENT_PARAM,6,0,0,6,0,11,0,0,0,-1,0,1
NET_DVR_VQD_EVENT_RULE,8,0,0,8,0,16,0,0,0,-1,2,0
NET_DVR_BASELINE_SCENE,3,0,0,3,0,8,0,0,0,-1,0,0
NET_DVR_CONTROL_BASELINE_SCENE_PARAM,4,0,0,4,0,9,0,0,0,-1,0,0
NET_DVR_VQD_ALARM,9,0,0,9,0,14,0,0,0,-1,1,0
NET_DVR_CB_POINT,3,0,0,3,0,8,0,0,0,-1,2,0
NET_DVR_TRACK_CALIBRATION_PARAM,3,0,0,3,0,9,0,0,0,-1,0,1
NET_DVR_TRACK_CFG,6,0,0,6,0,10,0,0,0,-1,1,0
TRACK_MODE,0,0,0,0,0,5,0,0,0,-1,0,0
NET_DVR_MANUAL_CTRL_INFO,2,0,0,2,0,7,0,0,0,-1,1,0
NET_DVR_TRACK_MODE,4,0,0,4,0,18,0,0,0,-1,0,0
uModeParam,5,0,0,5,0,19,0,0,0,-1,0,0
NET_DVR_ALARM_JPEG,3,0,0,3,0,8,0,0,0,-1,1,0
NET_IVMS_ONE_RULE,7,0,0,7,0,14,0,0,0,-1,3,0
NET_IVMS_RULECFG,1,0,0,1,0,6,0,0,0,-1,0,1
NET_IVMS_BEHAVIORCFG,5,0,0,5,0,11,0,0,0,-1,1,0
NET_IVMS_DEVSCHED,2,0,0,2,0,6,0,0,0,-1,2,0
NET_IVMS_STREAMCFG,2,0,0,2,0,7,0,0,0,-1,0,0
NET_VCA_MASK_REGION,3,0,0,3,0,8,0,0,0,-1,1,0
NET_VCA_MASK_REGION_LIST,3,0,0,3,0,9,0,0,0,-1,0,0
NET_VCA_ENTER_REGION,5,0,0,5,0,11,0,0,0,-1,1,0
NET_IVMS_MASK_REGION_LIST,2,0,0,2,0,7,0,0,0,-1,0,0
NET_IVMS_ENTER_REGION,2,0,0,2,0,7,0,0,0,-1,0,0
NET_IVMS_ALARM_JPEG,3,0,0,3,0,8,0,0,0,-1,1,1
NET_IVMS_SEARCHCFG,4,0,0,4,0,8,0,0,0,-1,3,0
NET_DVR_IDENTIFICATION_PARAM,3,0,0,3,0,10,0,0,0,-1,0,0
NET_DVR_MOUNT_PARAM_UNION,2,0,0,2,0,9,0,0,0,-1,0,1
NET_DVR_NAS_MOUNT_PARAM,3,0,0,3,0,8,0,0,0,-1,1,0
NET_DVR_MOUNTMETHOD_PARAM_UNION,2,0,0,2,0,9,0,0,0,-1,0,0
NET_DVR_SINGLE_NET_DISK_INFO,4,0,0,4,0,11,0,0,0,-1,1,0
NET_DVR_NET_DISKCFG,2,0,0,2,0,7,0,0,0,-1,0,0
MAIN_EVENT_TYPE,0,0,0,0,0,9,0,0,0,-1,0,0
VCA_DETECTION_MINOR_TYPE,0,0,0,0,0,11,0,0,0,-1,0,0
BEHAVIOR_MINOR_TYPE,0,0,0,0,0,26,0,0,0,-1,0,0
STREAM_INFO_MINOR_TYPE,0,0,0,0,0,12,0,0,0,-1,0,0
NET_DVR_STREAM_INFO,4,1,0,4,1,15,1,0,0,0,0,3
EVENT_ALARM_BYBIT,2,1,0,2,1,14,1,0,0,0,0,0
EVENT_ALARM_BYVALUE,2,1,0,2,1,14,1,0,0,0,0,0
EVENT_MOTION_BYBIT,2,1,0,2,1,14,1,0,0,0,0,0
EVENT_MOTION_BYVALUE,2,1,0,2,1,14,1,0,0,0,0,0
EVENT_VCA_BYBIT,3,1,0,3,1,15,1,0,0,0,0,0
EVENT_VCA_BYVALUE,3,1,0,3,1,14,1,0,0,0,0,0
EVENT_INQUEST_PARAM,2,1,0,2,1,11,1,0,0,0,0,0
EVENT_VCADETECT_BYBIT,2,1,0,2,1,13,1,0,0,0,0,0
EVENT_VCADETECT_BYVALUE,3,1,0,3,1,14,1,0,0,0,0,0
EVENT_STREAMID_PARAM,4,1,0,4,1,14,1,0,0,0,1,0
SEARCH_EVENT_UNION,11,0,0,11,0,27,0,0,0,-1,0,1
NET_DVR_SEARCH_EVENT_PARAM,8,0,0,8,0,13,0,0,0,-1,2,1
EVENT_ALARM_RET,2,1,0,2,1,12,1,0,0,0,0,1
EVENT_MOTION_RET,2,1,0,2,1,12,1,0,0,0,0,0
EVENT_VCA_RET,5,1,0,5,1,17,1,0,0,0,1,0
EVENT_INQUEST_RET,7,1,0,7,1,19,1,0,0,0,0,0
EVENT_STREAMID_RET,8,1,0,8,1,22,1,0,0,0,0,0
SEARCH_EVENT_RET,5,1,0,5,1,21,1,0,0,0,1,1
NET_DVR_SEARCH_EVENT_RET,7,1,0,7,1,21,1,0,0,0,2,1
tagCALIBRATE_TYPE,0,0,0,0,0,7,0,0,0,-1,0,0
NET_DVR_RECT_LIST,3,0,0,3,0,9,0,0,0,-1,0,1
NET_DVR_PDC_CALIBRATION,2,0,0,2,0,7,0,0,0,-1,1,0
LINE_MODE,0,0,0,0,0,5,0,0,0,-1,0,0
NET_DVR_CAMERA_PARAM,7,0,0,7,0,12,0,0,0,-1,0,2
NET_DVR_LINE_SEGMENT,5,0,0,5,0,10,0,0,0,-1,1,1
NET_DVR_BEHAVIOR_OUT_CALIBRATION,4,0,0,4,0,10,0,0,0,-1,1,0
NET_DVR_IN_CAL_SAMPLE,2,0,0,2,0,6,0,0,0,-1,2,0
NET_DVR_BEHAVIOR_IN_CALIBRATION,4,0,0,4,0,10,0,0,0,-1,1,0
NET_DVR_ITS_CALIBRATION,5,0,0,5,0,11,0,0,0,-1,0,0
NET_DVR_CALIBRATION_PRARM_UNION,5,0,0,5,0,15,0,0,0,-1,0,1
NET_DVR_CALIBRATION_CFG,6,0,0,6,0,12,0,0,0,-1,1,0
NET_DVR_PDC_ENTER_DIRECTION,2,0,0,2,0,6,0,0,0,-1,1,2
NET_DVR_PDC_RULE_CFG,5,0,0,5,0,10,0,0,0,-1,2,0
NET_DVR_PDC_RULE_CFG_V41,9,0,0,9,0,16,0,0,0,-1,3,0
NET_DVR_TRIAL_VERSION_CFG,3,0,0,3,0,8,0,0,0,-1,0,0
NET_DVR_SYN_CHANNEL_NAME_PARAM,3,0,0,3,0,8,0,0,0,-1,0,0
NET_DVR_RESET_COUNTER_CFG,5,0,0,5,0,12,0,0,0,-1,0,0
NET_DVR_VCA_CTRLINFO_COND,3,0,0,3,0,8,0,0,0,-1,1,0
NET_DVR_VCA_CTRLINFO_CFG,7,0,0,7,0,14,0,0,0,-1,0,0
PDC_PARAM_KEY,0,0,0,0,0,5,0,0,0,-1,0,0
NET_DVR_PDC_TARGET_INFO,3,0,0,3,0,8,0,0,0,-1,1,0
NET_DVR_PDC_TARGET_IN_FRAME,4,0,0,4,0,11,0,0,0,-1,0,0
UNION_STATFRAME,3,0,0,3,0,8,0,0,0,-1,0,0
UNION_STATTIME,3,0,0,3,0,8,0,0,0,-1,1,0
NET_DVR_PDC_ALRAM_INFO,8,0,0,8,0,24,0,0,0,-1,1,0
uStatModeParam,2,0,0,2,0,10,0,0,0,-1,0,0
NET_DVR_PDC_QUERY,5,0,0,5,0,10,0,0,0,-1,1,0
NET_DVR_PTZ_POSITION,5,0,0,5,0,13,0,0,0,-1,1,2
NET_DVR_POSITION_RULE_CFG,4,0,0,4,0,9,0,0,0,-1,2,0
NET_DVR_POSITION_RULE_CFG_V41,7,0,0,7,0,12,0,0,0,-1,2,0
NET_DVR_LIMIT_ANGLE,7,0,0,7,0,13,0,0,0,-1,1,0
NET_DVR_POSITION_INDEX,4,0,0,4,0,9,0,0,0,-1,0,0
NET_DVR_POSITION_TRACK_CFG,5,0,0,5,0,12,0,0,0,-1,0,0
NET_DVR_PATROL_SCENE_INFO,3,0,0,3,0,8,0,0,0,-1,0,0
NET_DVR_PATROL_TRACKCFG,3,0,0,3,0,9,0,0,0,-1,0,0
NET_DVR_TRACK_PARAMCFG,11,0,0,11,0,16,0,0,0,-1,0,0
NET_DVR_DOME_MOVEMENT_PARAM,2,0,0,2,0,7,0,0,0,-1,0,0
TRAFFIC_AID_TYPE,0,0,0,0,0,12,0,0,0,-1,0,0
TRAFFIC_SCENE_MODE,0,0,0,0,0,6,0,0,0,-1,0,0
ITS_ABILITY_TYPE,0,0,0,0,0,21,0,0,0,-1,0,0
ITS_TPS_TYPE,0,0,0,0,0,12,0,0,0,-1,0,0
NET_DVR_REGION_LIST,5,0,0,5,0,12,0,0,0,-1,0,0
NET_DVR_DIRECTION,2,0,0,2,0,6,0,0,0,-1,1,2
NET_DVR_ONE_LANE,5,0,0,5,0,11,0,0,0,-1,2,0
NET_DVR_LANE_CFG,3,0,0,3,0,9,0,0,0,-1,0,0
NET_DVR_AID_PARAM,12,0,0,12,0,17,0,0,0,-1,0,2
NET_DVR_ONE_AID_RULE,11,0,0,11,0,20,0,0,0,-1,4,0
NET_DVR_AID_RULECFG,6,0,0,6,0,13,0,0,0,-1,1,0
NET_DVR_ONE_AID_RULE_V41,11,0,0,11,0,20,0,0,0,-1,4,0
NET_DVR_AID_RULECFG_V41,6,0,0,6,0,13,0,0,0,-1,1,0
NET_DVR_ONE_TPS_RULE,9,0,0,9,0,16,0,0,0,-1,3,0
NET_DVR_TPS_RULECFG,3,0,0,3,0,9,0,0,0,-1,0,0
NET_DVR_ONE_TPS_RULE_V41,9,0,0,9,0,16,0,0,0,-1,3,0
NET_DVR_TPS_RULECFG_V41,3,0,0,3,0,9,0,0,0,-1,0,0
NET_DVR_AID_INFO,8,0,0,8,0,15,0,0,0,-1,1,2
NET_DVR_AID_ALARM,8,0,0,8,0,13,0,0,0,-1,2,0
NET_DVR_LANE_QUEUE,3,0,0,3,0,7,0,0,0,-1,1,2
TRAFFIC_DATA_VARY_TYPE,0,0,0,0,0,7,0,0,0,-1,0,0
NET_DVR_LANE_PARAM,13,0,0,13,0,19,0,0,0,-1,2,0
NET_DVR_TPS_INFO,2,0,0,2,0,7,0,0,0,-1,0,1
NET_DVR_TPS_ALARM,6,0,0,6,0,11,0,0,0,-1,2,0
TRAFFIC_DATA_VARY_TYPE_EX_ENUM,0,0,0,0,0,8,0,0,0,-1,0,0
NET_DVR_LANE_PARAM_V41,19,0,0,19,0,25,0,0,0,-1,2,0
NET_DVR_TPS_INFO_V41,3,0,0,3,0,9,0,0,0,-1,0,1
NET_DVR_FACEDETECT_RULECFG,17,0,0,17,0,25,0,0,0,-1,4,0
NET_DVR_FACE_PIPCFG,5,0,0,5,0,10,0,0,0,-1,0,1
NET_DVR_FACEDETECT_RULECFG_V41,20,0,0,20,0,28,0,0,0,-1,5,0
NET_DVR_FACEDETECT_ALARM,14,0,0,14,0,21,0,0,0,-1,2,0
NET_DVR_EVENT_PARAM_UNION,3,0,0,3,0,8,0,0,0,-1,0,1
NET_DVR_EVENT_INFO,5,0,0,5,0,11,0,0,0,-1,1,0
NET_DVR_EVENT_INFO_LIST,3,0,0,3,0,9,0,0,0,-1,0,1
NET_DVR_RULE_INFO_ALARM,6,0,0,6,0,11,0,0,0,-1,2,0
NET_DVR_ONE_SCENE_TIME,5,0,0,5,0,11,0,0,0,-1,1,0
NET_DVR_SCENE_TIME_CFG,3,0,0,3,0,9,0,0,0,-1,0,0
NET_DVR_ONE_SCENE_CFG,8,0,0,8,0,15,0,0,0,-1,1,0
NET_DVR_SCENE_CFG,3,0,0,3,0,9,0,0,0,-1,0,0
NET_DVR_SCENE_COND,4,0,0,4,0,9,0,0,0,-1,0,0
NET_DVR_FORENSICS_MODE,3,0,0,3,0,8,0,0,0,-1,0,0
NET_DVR_SCENE_INFO,6,0,0,6,0,13,0,0,0,-1,1,1
NET_DVR_AID_ALARM_V41,9,0,0,9,0,14,0,0,0,-1,3,0
NET_DVR_TPS_ALARM_V41,6,0,0,6,0,11,0,0,0,-1,2,0
NET_DVR_VCA_VERSION,8,0,0,8,0,13,0,0,0,-1,0,0
NET_DVR_PLATE_PARAM,3,0,0,3,0,9,0,0,0,-1,0,1
NET_DVR_PLATECFG,10,0,0,10,0,18,0,0,0,-1,3,0
NET_DVR_PLATE_INFO,9,0,0,9,0,16,0,0,0,-1,1,5
NET_DVR_PLATERECO_RESULE,8,0,0,8,0,13,0,0,0,-1,2,0
NET_DVR_IO_INCFG,3,0,0,3,0,8,0,0,0,-1,0,0
NET_DVR_IO_OUTCFG,9,0,0,9,0,14,0,0,0,-1,0,0
NET_DVR_FLASH_OUTCFG,12,0,0,12,0,17,0,0,0,-1,0,0
NET_DVR_LIGHTSNAPCFG,15,0,0,15,0,23,0,0,0,-1,0,0
NET_DVR_MEASURESPEEDCFG,13,0,0,13,0,20,0,0,0,-1,0,0
NET_DVR_VIDEOEFFECT,8,0,0,8,0,12,0,0,0,-1,0,4
NET_DVR_GAIN,4,0,0,4,0,9,0,0,0,-1,0,2
NET_DVR_WHITEBALANCE,4,0,0,4,0,13,0,0,0,-1,0,2
NET_DVR_EXPOSURE,6,0,0,6,0,11,0,0,0,-1,0,2
NET_DVR_WDR,5,0,0,5,0,10,0,0,0,-1,0,2
NET_DVR_DAYNIGHT,12,0,0,12,0,20,0,0,0,-1,0,2
NET_DVR_GAMMACORRECT,3,0,0,3,0,8,0,0,0,-1,0,2
NET_DVR_BACKLIGHT,8,0,0,8,0,14,0,0,0,-1,0,2
NET_DVR_NOISEREMOVE,7,0,0,7,0,12,0,0,0,-1,0,2
NET_DVR_CMOSMODECFG,7,0,0,7,0,12,0,0,0,-1,0,2
NET_DVR_CAMERAPARAMCFG,31,0,0,31,0,53,0,0,0,-1,10,0
NET_DVR_DEFOGCFG,3,0,0,3,0,8,0,0,0,-1,0,1
NET_DVR_ELECTRONICSTABILIZATION,3,0,0,3,0,8,0,0,0,-1,0,1
NET_DVR_CORRIDOR_MODE_CCD,2,0,0,2,0,7,0,0,0,-1,0,1
NET_DVR_SMARTIR_PARAM,3,0,0,3,0,8,0,0,0,-1,0,1
NET_DVR_PIRIS_PARAM,3,0,0,3,0,8,0,0,0,-1,0,1
NET_DVR_CAMERAPARAMCFG_EX,41,0,0,41,0,63,0,0,0,-1,15,0
VCA_PLATE_COLOR,0,0,0,0,0,10,0,0,0,-1,0,2
VCA_PLATE_TYPE,0,0,0,0,0,11,0,0,0,-1,0,1
VLR_VEHICLE_CLASS,0,0,0,0,0,18,0,0,0,-1,0,0
NET_DVR_VEHICLE_INFO,12,1,0,12,1,26,1,0,0,0,0,3
NET_DVR_PLATE_RESULT,24,1,0,24,1,36,1,0,0,0,2,0
NET_DVR_IMAGEOVERLAYCFG,22,0,0,22,0,30,0,0,0,-1,0,0
NET_DVR_SNAPCFG,6,0,0,6,0,12,0,0,0,-1,0,2
ITC_MAINMODE_ABILITY,0,0,0,0,0,7,0,0,0,-1,0,0
ITC_RECOG_REGION_TYPE,0,0,0,0,0,5,0,0,0,-1,0,0
NET_DVR_SNAP_ABILITY,21,0,0,21,0,41,0,0,0,-1,0,0
NET_ITC_ICRTIMECFG,4,0,0,4,0,9,0,0,0,-1,1,0
NET_ITC_ICR_TIMESWITCH_PARAM,3,0,0,3,0,10,0,0,0,-1,0,1
NET_ITC_ICR_MANUALSWITCH_PARAM,3,0,0,3,0,9,0,0,0,-1,0,1
NET_ITC_ICR_AOTOSWITCH_PARAM,2,0,0,2,0,8,0,0,0,-1,0,1
NET_ITC_ICR_PARAM_UNION,4,0,0,4,0,9,0,0,0,-1,3,1
NET_ITC_ICRCFG,4,0,0,4,0,9,0,0,0,-1,1,0
NET_ITC_HANDLEEXCEPTION,6,0,0,6,0,21,0,0,0,-1,0,0
NET_ITC_EXCEPTION,2,0,0,2,0,8,0,0,0,-1,0,0
NET_DVR_TRIGCOORDINATE,4,0,0,4,0,8,0,0,0,-1,0,1
PROVINCE_CITY_IDX,0,0,0,0,0,37,0,0,0,-1,0,0
NET_DVR_GEOGLOCATION,2,0,0,2,0,7,0,0,0,-1,0,1
SCENE_MODE,0,0,0,0,0,8,0,0,0,-1,0,0
NET_DVR_VTPARAM,33,0,0,33,0,41,0,0,0,-1,2,0
NET_DVR_SNAPENABLECFG,14,0,0,14,0,20,0,0,0,-1,0,0
NET_DVR_FTPCFG,11,0,0,11,0,19,0,0,0,-1,0,0
NET_DVR_PICTURE_NAME,2,0,0,2,0,7,0,0,0,-1,0,1
NET_DVR_PICTURE_NAME_EX,3,0,0,3,0,9,0,0,0,-1,0,0
NET_DVR_SERIAL_CATCHPIC_PARA,5,0,0,5,0,9,0,0,0,-1,0,1
NET_DVR_JPEGCFG_V30,13,0,0,13,0,21,0,0,0,-1,2,0
NET_DVR_MANUALSNAP,1,0,0,1,0,6,0,0,0,-1,0,0
NET_DVR_SPRCFG,16,0,0,16,0,31,0,0,0,-1,0,0
NET_DVR_PLCCFG,9,0,0,9,0,16,0,0,0,-1,0,0
NET_DVR_DEVICESTATECFG,17,0,0,17,0,26,0,0,0,-1,0,0
NET_DVR_POSTEPOLICECFG,10,0,0,10,0,16,0,0,0,-1,0,0
NET_DVR_PROTO_TYPE,2,0,0,2,0,7,0,0,0,-1,0,0
NET_DVR_IPC_PROTO_LIST,4,0,0,4,0,10,0,0,0,-1,0,0
NET_DVR_TRAVERSE_PLANE_SEARCHCOND,4,0,0,4,0,10,0,0,0,-1,0,0
NET_DVR_INTRUSION_SEARCHCOND,4,0,0,4,0,10,0,0,0,-1,0,0
NET_DVR_AREA_SMARTSEARCH_COND_UNION,4,0,0,4,0,14,0,0,0,-1,0,1
NET_DVR_SMART_SEARCH_PARAM,8,0,0,8,0,15,0,0,0,-1,2,0
NET_DVR_SMART_SEARCH_RET,3,0,0,3,0,8,0,0,0,-1,1,0
NET_DVR_IPSAN_SERACH_PARAM,3,0,0,3,0,8,0,0,0,-1,1,0
NET_DVR_IPSAN_SERACH_RET,2,0,0,2,0,8,0,0,0,-1,0,0
NET_DVR_DEVICECFG_V40,43,0,0,43,0,67,0,0,0,-1,0,0
NET_DVR_ZEROCHANCFG,6,0,0,6,0,16,0,0,0,-1,0,0
NET_DVR_ZERO_ZOOMCFG,6,0,0,6,0,12,0,0,0,-1,1,0
NET_DVR_SNMPCFG,11,0,0,11,0,21,0,0,0,-1,0,0
NET_DVR_SNMPv3_USER,7,0,0,7,0,15,0,0,0,-1,0,1
NET_DVR_SNMPCFG_V30,14,0,0,14,0,24,0,0,0,-1,1,0
NET_DVR_SADPINFO,14,0,0,14,0,22,0,0,0,-1,1,0
NET_DVR_SADPINFO_LIST,4,0,0,4,0,10,0,0,0,-1,0,0
NET_DVR_SADP_VERIFY,4,0,0,4,0,10,0,0,0,-1,1,0
NET_DVR_DESC_NODE,4,0,0,4,0,10,0,0,0,-1,0,0
NET_DVR_DISKABILITY_LIST,3,0,0,3,0,8,0,0,0,-1,0,0
NET_DVR_BACKUP_NAME_PARAM,6,0,0,6,0,13,0,0,0,-1,0,0
NET_DVR_BACKUP_TIME_PARAM,8,0,0,8,0,14,0,0,0,-1,1,0
COMPRESSION_ABILITY_TYPE,0,0,0,0,0,18,0,0,0,-1,0,0
NET_DVR_ABILITY_LIST,4,0,0,4,0,10,0,0,0,-1,0,0
NET_DVR_COMPRESSIONCFG_ABILITY,3,0,0,3,0,8,0,0,0,-1,0,0
NET_DVR_HOLIDATE_MODEA,5,0,0,5,0,10,0,0,0,-1,0,0
NET_DVR_HOLIDATE_MODEB,7,0,0,7,0,12,0,0,0,-1,0,0
NET_DVR_HOLIDATE_MODEC,6,0,0,6,0,10,0,0,0,-1,0,0
NET_DVR_HOLIDATE_UNION,4,0,0,4,0,14,0,0,0,-1,0,1
HOLI_DATE_MODE,0,0,0,0,0,6,0,0,0,-1,0,0
NET_DVR_HOLIDAY_PARAM,6,0,0,6,0,13,0,0,0,-1,1,0
NET_DVR_HOLIDAY_PARAM_CFG,3,0,0,3,0,9,0,0,0,-1,0,0
NET_DVR_HOLIDAY_HANDLE,3,0,0,3,0,9,0,0,0,-1,0,0
NET_DVR_HOLIDAY_RECORD,4,0,0,4,0,10,0,0,0,-1,1,0
NET_DVR_ONE_LINK,3,0,0,3,0,8,0,0,0,-1,1,0
NET_DVR_LINK_STATUS,5,0,0,5,0,12,0,0,0,-1,0,0
NET_DVR_ONE_BONDING,8,0,0,8,0,14,0,0,0,-1,2,0
NET_DVR_NETWORK_BONDING,6,0,0,6,0,13,0,0,0,-1,0,0
NET_DVR_DISK_QUOTA,8,0,0,8,0,14,0,0,0,-1,0,1
NET_DVR_DISK_QUOTA_CFG,4,0,0,4,0,9,0,0,0,-1,1,0
NET_DVR_TIMING_CAPTURE,3,0,0,3,0,9,0,0,0,-1,1,2
NET_DVR_REL_CAPTURE_CHAN,2,0,0,2,0,8,0,0,0,-1,0,0
NET_DVR_REL_CAPTURE_CHAN_V40,3,0,0,3,0,9,0,0,0,-1,0,0
NET_DVR_EVENT_CAPTURE_V40,7,0,0,7,0,14,0,0,0,-1,1,1
NET_DVR_EVENT_CAPTURE,6,0,0,6,0,16,0,0,0,-1,1,1
NET_DVR_JPEG_CAPTURE_CFG_V40,4,0,0,4,0,9,0,0,0,-1,2,0
NET_DVR_JPEG_CAPTURE_CFG,4,0,0,4,0,9,0,0,0,-1,2,0
NET_DVR_CAPTURE_DAY,3,0,0,3,0,8,0,0,0,-1,0,1
NET_DVR_CAPTURE_SCHED,3,0,0,3,0,8,0,0,0,-1,1,0
NET_DVR_SCHED_CAPTURECFG,9,0,0,9,0,18,0,0,0,-1,1,0
NET_DVR_FLOW_TEST_PARAM,4,0,0,4,0,9,0,0,0,-1,0,0
NET_DVR_FLOW_INFO,4,0,0,4,0,9,0,0,0,-1,0,0
NET_DVR_RECORD_LABEL,6,0,0,6,0,13,0,0,0,-1,1,0
NET_DVR_LABEL_IDENTIFY,2,0,0,2,0,8,0,0,0,-1,0,2
NET_DVR_DEL_LABEL_PARAM,6,0,0,6,0,12,0,0,0,-1,0,0
NET_DVR_MOD_LABEL_PARAM,4,0,0,4,0,11,0,0,0,-1,1,0
NET_DVR_FIND_LABEL,7,0,0,7,0,13,0,0,0,-1,1,0
NET_DVR_FINDLABEL_DATA,4,0,0,4,0,10,0,0,0,-1,2,0
NET_DVR_FIND_PICTURE_PARAM,9,0,0,9,0,19,0,0,0,-1,1,0
NET_DVR_FIND_PICTURE,5,0,0,5,0,12,0,0,0,-1,1,0
NET_DVR_BACKUP_PICTURE_PARAM,7,0,0,7,0,14,0,0,0,-1,0,0
NET_DVR_COMPRESSION_LIMIT,5,0,0,5,0,10,0,0,0,-1,1,0
NET_DVR_VIDEO_EFFECT,7,0,0,7,0,12,0,0,0,-1,0,1
NET_DVR_VIDEO_INPUT_EFFECT,5,0,0,5,0,11,0,0,0,-1,1,0
NET_DVR_VIDEOPARA_V40,4,0,0,4,0,9,0,0,0,-1,0,0
NET_DVR_DEFAULT_VIDEO_COND,4,0,0,4,0,9,0,0,0,-1,0,0
NET_DVR_ENCODE_JOINT_PARAM,8,0,0,8,0,14,0,0,0,-1,1,0
NET_DVR_VCA_CHAN_WORKSTATUS,7,0,0,7,0,13,0,0,0,-1,1,0
NET_DVR_VCA_DEV_WORKSTATUS,5,0,0,5,0,11,0,0,0,-1,0,0
UNION_VIDEOPLATFORM_V40,3,0,0,3,0,12,0,0,0,-1,0,0
UNION_NOTVIDEOPLATFORM_V40,1,0,0,1,0,6,0,0,0,-1,0,0
NET_DVR_VGA_DISP_CHAN_CFG_V40,12,0,0,12,0,33,0,0,0,-1,0,0
NET_DVR_V6SUBSYSTEMPARAM,2,0,0,2,0,7,0,0,0,-1,0,0
NET_DVR_CORRECT_DEADPIXEL_PARAM,5,0,0,5,0,10,0,0,0,-1,0,0
NET_DVR_REDAREACFG,6,0,0,6,0,12,0,0,0,-1,0,0
NET_DVR_HISTORICDATACFG,3,0,0,3,0,8,0,0,0,-1,0,0
NET_DVR_INQUEST_ROOM,2,0,0,2,0,7,0,0,0,-1,0,0
NET_DVR_INQUEST_MESSAGE,2,0,0,2,0,8,0,0,0,-1,0,0
NET_DVR_INQUEST_SENSOR_DEVICE,3,0,0,3,0,8,0,0,0,-1,0,0
NET_DVR_INQUEST_SENSOR_INFO,3,0,0,3,0,10,0,0,0,-1,0,1
NET_DVR_INQUEST_ROOM_INFO,6,0,0,6,0,24,0,0,0,-1,0,0
uCalcMode,2,0,0,2,0,12,0,0,0,-1,0,0
NET_DVR_INQUEST_SYSTEM_INFO,6,0,0,6,0,12,0,0,0,-1,1,0
NET_DVR_INQUEST_RESUME_SEGMENT,7,0,0,7,0,12,0,0,0,-1,1,0
NET_DVR_INQUEST_RESUME_EVENT,3,0,0,3,0,9,0,0,0,-1,0,0
NET_DVR_INQUEST_DEVICE_VERSION,5,0,0,5,0,21,0,0,0,-1,0,0
NET_DVR_DISK_RAID_INFO,3,0,0,3,0,8,0,0,0,-1,0,0
NET_DVR_SYNCHRONOUS_IPC,3,0,0,3,0,8,0,0,0,-1,0,0
NET_DVR_IPC_PASSWD,4,0,0,4,0,11,0,0,0,-1,0,0
NET_DEVICE_NET_USING_INFO,6,0,0,6,0,11,0,0,0,-1,0,0
NET_DVR_IPC_NETCFG,4,0,0,4,0,9,0,0,0,-1,1,0
NET_DVR_TIME_LOCK,8,0,0,8,0,13,0,0,0,-1,2,0
NET_DVR_LOCK_RETURN,4,0,0,4,0,9,0,0,0,-1,1,0
NET_SDK_UPLOAD_TYPE,0,0,0,0,0,7,0,0,0,-1,0,0
NET_SDK_DOWNLOAD_TYPE,0,0,0,0,0,8,0,0,0,-1,0,0
NET_SDK_DOWNLOAD_STATUS,0,0,0,0,0,7,0,0,0,-1,0,0
NET_DVR_BONJOUR_CFG,5,0,0,5,0,12,0,0,0,-1,0,0
NET_DVR_SOCKS_CFG,9,0,0,9,0,18,0,0,0,-1,0,0
NET_DVR_QOS_CFG,8,0,0,8,0,13,0,0,0,-1,0,0
NET_DVR_HTTPS_CFG,4,0,0,4,0,9,0,0,0,-1,0,0
NET_DVR_CERT_NAME,8,0,0,8,0,20,0,0,0,-1,0,1
NET_DVR_CERT_PARAM,5,0,0,5,0,10,0,0,0,-1,0,1
NET_DVR_CERT_INFO,14,0,0,14,0,21,0,0,0,-1,3,0
NET_DVR_CHANS_RECORD_STATUS,6,0,0,6,0,14,0,0,0,-1,0,0
NET_DVR_IP_ALARM_GROUP_NUM,6,0,0,6,0,11,0,0,0,-1,0,0
NET_DVR_CHAN_GROUP_RECORD_STATUS,2,0,0,2,0,7,0,0,0,-1,0,0
NET_DVR_RECTCFG,4,0,0,4,0,8,0,0,0,-1,0,4
NET_DVR_WINCFG,9,0,0,9,0,14,0,0,0,-1,1,0
NET_DVR_ALLWINCFG,3,0,0,3,0,9,0,0,0,-1,0,0
NET_DVR_SCREENZOOM,5,0,0,5,0,10,0,0,0,-1,1,0
NET_MATRIX_CAMERAINFO,13,0,0,13,0,21,0,0,0,-1,1,0
NET_MATRIX_MONITORINFO,11,0,0,11,0,18,0,0,0,-1,1,0
NET_MATRIX_DIGITALMATRIX,4,0,0,4,0,9,0,0,0,-1,1,0
NET_MATRIX_ANALOGMATRIX,5,0,0,5,0,11,0,0,0,-1,1,0
NET_MATRIX_UNION,2,0,0,2,0,8,0,0,0,-1,0,1
NET_MATRIX_MATRIXINFO,14,0,0,14,0,24,0,0,0,-1,2,0
NET_DVR_MATRIXLIST,5,0,0,5,0,10,0,0,0,-1,0,0
NET_MATRIX_UARTPARAM,12,0,0,12,0,18,0,0,0,-1,0,0
NET_MATRIX_USERPARAM,6,0,0,6,0,13,0,0,0,-1,0,0
NET_MATRIX_RESOURSEGROUPPARAM,7,0,0,7,0,14,0,0,0,-1,0,0
NET_MATRIX_USERGROUPPARAM,6,0,0,6,0,15,0,0,0,-1,0,0
NET_MATRIX_TRUNKPARAM,11,0,0,11,0,17,0,0,0,-1,0,0
NET_DVR_MATRIX_TRUNKLIST,5,0,0,5,0,10,0,0,0,-1,0,0
NET_DVR_PROTO_TYPE_EX,3,0,0,3,0,8,0,0,0,-1,0,0
NET_DVR_MATRIXMANAGE_ABIILITY,18,0,0,18,0,25,0,0,0,-1,0,0
NET_VCA_SINGLE_FACESNAPCFG,4,0,0,4,0,9,0,0,0,-1,2,0
NET_VCA_FACESNAPCFG,12,0,0,12,0,18,0,0,0,-1,1,0
NET_VCA_FACESNAP_RESULT,13,0,0,13,0,18,0,0,0,-1,3,0
NET_DVR_DEFOCUS_ALARM,3,0,0,3,0,8,0,0,0,-1,1,0
NET_DVR_AUDIOEXCEPTION_ALARM,6,0,0,6,0,11,0,0,0,-1,1,0
NET_BUTTON_DOWN_EXCEPTION_ALARM,3,0,0,3,0,8,0,0,0,-1,1,0
NET_VCA_FD_IMAGE_CFG,5,0,0,5,0,10,0,0,0,-1,0,1
NET_VCA_FD_PROCIMG_CFG,8,0,0,8,0,14,0,0,0,-1,3,0
NET_VCA_SUB_PROCIMG,5,0,0,5,0,10,0,0,0,-1,1,0
NET_VCA_FD_PROCIMG_RESULT,5,0,0,5,0,11,0,0,0,-1,0,0
NET_VCA_PICMODEL_RESULT,5,0,0,5,0,10,0,0,0,-1,0,0
NET_VCA_REGISTER_PIC,4,0,0,4,0,9,0,0,0,-1,1,0
NET_DVR_AREAINFOCFG,5,0,0,5,0,10,0,0,0,-1,0,2
NET_VCA_HUMAN_ATTRIBUTE,7,0,0,7,0,15,0,0,0,-1,1,2
NET_VCA_HUMANATTRIBUTE_COND,8,0,0,8,0,17,0,0,0,-1,1,0
NET_VCA_BLACKLIST_INFO,9,0,0,9,0,16,0,0,0,-1,1,4
NET_VCA_BLACKLIST_PARA,5,0,0,5,0,11,0,0,0,-1,1,0
NET_VCA_BLACKLIST_COND,7,0,0,7,0,13,0,0,0,-1,1,0
NET_VCA_BLACKLIST_PIC,4,0,0,4,0,10,0,0,0,-1,0,0
NET_VCA_FIND_PICTURECOND,4,0,0,4,0,9,0,0,0,-1,1,0
NET_VCA_SUB_SNAPPIC_DATA,6,0,0,6,0,12,0,0,0,-1,1,0
NET_VCA_ADVANCE_FIND,2,0,0,2,0,7,0,0,0,-1,0,0
NET_VCA_NORMAL_FIND,4,0,0,4,0,9,0,0,0,-1,1,0
NET_VCA_FIND_SNAPPIC_UNION,2,0,0,2,0,9,0,0,0,-1,0,1
VCA_FIND_SNAPPIC_TYPE,0,0,0,0,0,5,0,0,0,-1,0,1
NET_VCA_FIND_PICTURECOND_ADVANCE,7,0,0,7,0,12,0,0,0,-1,3,0
NET_VCA_FACESNAP_INFO_ALARM,7,0,0,7,0,12,0,0,0,-1,1,1
NET_VCA_BLACKLIST_INFO_ALARM,4,0,0,4,0,9,0,0,0,-1,1,1
NET_VCA_FACESNAP_MATCH_ALARM,5,0,0,5,0,10,0,0,0,-1,2,0
NET_VCA_BLACKLIST_INFO_ALARM_LOG,3,0,0,3,0,8,0,0,0,-1,1,1
NET_VCA_FACESNAP_INFO_ALARM_LOG,5,0,0,5,0,10,0,0,0,-1,1,1
NET_VCA_FACESNAP_MATCH_ALARM_LOG,5,0,0,5,0,10,0,0,0,-1,2,0
NET_VCA_FACEMATCH_PICCOND,5,0,0,5,0,10,0,0,0,-1,0,0
NET_VCA_FACEMATCH_PICTURE,6,0,0,6,0,11,0,0,0,-1,0,0
NET_VCA_BLACKLIST_FASTREGISTER_PARA,5,0,0,5,0,10,0,0,0,-1,1,0
NET_VCA_SINGLE_PATH,7,0,0,7,0,13,0,0,0,-1,0,0
NET_VCA_SAVE_PATH_CFG,3,0,0,3,0,9,0,0,0,-1,0,0
NET_DVR_DEV_ACCESS_CFG,8,0,0,8,0,15,0,0,0,-1,1,0
NET_DVR_DISPWINDOWMODE,4,0,0,4,0,10,0,0,0,-1,0,0
NET_DVR_DISPINFO,4,0,0,4,0,10,0,0,0,-1,0,2
NET_DVR_SCREENINFO,5,0,0,5,0,10,0,0,0,-1,0,1
NET_DVR_MATRIX_ABILITY_V41,13,0,0,13,0,21,0,0,0,-1,2,0
NET_DVR_VIDEO_PLATFORM,3,0,0,3,0,11,0,0,0,-1,0,1
VideoPlatform,4,0,0,4,0,11,0,0,0,-1,1,0
NotVideoPlatform,1,0,0,1,0,6,0,0,0,-1,0,0
NET_DVR_MATRIX_VOUTCFG,15,0,0,15,0,21,0,0,0,-1,1,0
NET_DVR_DISP_CHAN_STATUS_V41,10,0,0,10,0,18,0,0,0,-1,0,0
NET_DVR_DECODER_WORK_STATUS_V41,7,0,0,7,0,17,0,0,0,-1,0,0
NET_DVR_MATRIX_DEC_REMOTE_PLAY_V41,12,0,0,12,0,20,0,0,0,-1,2,0
NET_DVR_RECTCFG_SCENE,4,0,0,4,0,8,0,0,0,-1,0,0
NET_DVR_SCENEDISPCFG,19,0,0,19,0,29,0,0,0,-1,1,0
NET_DVR_DEV_CHAN_INFO_SCENE,10,0,0,10,0,17,0,0,0,-1,1,2
NET_DVR_STREAM_MEDIA_SERVER_CFG_SCENE,6,0,0,6,0,12,0,0,0,-1,1,2
NET_DVR_PU_STREAM_CFG_SCENE,2,0,0,2,0,6,0,0,0,-1,2,0
NET_DVR_CYC_SUR_CHAN_ELE_SCENE,4,0,0,4,0,9,0,0,0,-1,2,0
NET_DVR_MATRIX_LOOP_DECINFO_SCENE,4,0,0,4,0,11,0,0,0,-1,0,0
NET_DVR_DECODECHANCFG_SCENE,8,0,0,8,0,13,0,0,0,-1,1,0
STRUDECCFG,2,0,0,2,0,11,0,0,0,-1,0,1
NET_DVR_BIGSCREENCFG_SCENE,6,1,0,6,1,17,1,0,0,0,1,0
NET_DVR_MATRIX_SCENECFG,10,1,0,10,1,23,1,0,0,0,0,1
NET_DVR_BIGSCREENASSOCIATECFG,5,0,0,5,0,10,0,0,0,-1,0,0
NET_DVR_SCREEN_WINCFG,12,0,0,12,0,16,0,0,0,-1,1,0
NET_DVR_WINLIST,6,0,0,6,0,11,0,0,0,-1,0,0
NET_DVR_LAYOUTCFG,6,0,0,6,0,14,0,0,0,-1,0,0
NET_DVR_LAYOUT_LIST,3,0,0,3,0,9,0,0,0,-1,0,0
NET_DVR_CAM_MODE,0,0,0,0,0,14,0,0,0,-1,0,0
NET_DVR_INPUTSTREAMCFG,16,0,0,16,0,22,0,0,0,-1,2,0
NET_DVR_INPUTSTREAM_LIST,3,0,0,3,0,9,0,0,0,-1,0,0
NET_DVR_OUTPUTPARAM,6,0,0,6,0,12,0,0,0,-1,1,1
NET_DVR_OUTPUTCFG,8,0,0,8,0,15,0,0,0,-1,1,0
NET_DVR_SCREENSERVER_ABILITY,12,0,0,12,0,19,0,0,0,-1,0,0
NET_DVR_SCREENCONTROL_ABILITY,25,0,0,25,0,31,0,0,0,-1,1,0
NET_DVR_ANALOGINPUTSTATUS,4,0,0,4,0,9,0,0,0,-1,0,0
NET_DVR_INPUTSTATUS_UNION,2,0,0,2,0,8,0,0,0,-1,0,1
NET_DVR_INPUTSTATUS,5,0,0,5,0,11,0,0,0,-1,1,0
NET_DVR_SCREENINPUTSTATUS,5,0,0,5,0,10,0,0,0,-1,0,0
NET_DVR_SCREENALARMCFG,8,0,0,8,0,13,0,0,0,-1,0,0
NET_DVR_MATRIX_CFG,6,0,0,6,0,12,0,0,0,-1,0,1
NET_DVR_DIGITALSCREEN,3,0,0,3,0,8,0,0,0,-1,1,0
NET_DVR_ANALOGSCREEN,4,0,0,4,0,9,0,0,0,-1,1,0
NET_DVR_SCREEN_UNION,2,0,0,2,0,8,0,0,0,-1,0,1
NET_DVR_SCREEN_SCREENINFO,15,0,0,15,0,24,0,0,0,-1,1,0
NET_DVR_BASEMAP_CFG,5,0,0,5,0,10,0,0,0,-1,0,0
NET_DVR_OSDCFG,16,0,0,16,0,22,0,0,0,-1,0,0
NET_DVR_SERIAL_CONTROL,5,0,0,5,0,12,0,0,0,-1,0,0
INPUT_INTERFACE_TYPE,0,0,0,0,0,11,0,0,0,-1,0,0
NET_DVR_INPUT_INTERFACE_CTRL,2,0,0,2,0,7,0,0,0,-1,0,0
NET_DVR_DISPLAY_COLOR_CTRL,3,0,0,3,0,8,0,0,0,-1,0,0
NET_DVR_DISPLAY_POSITION_CTRL,3,0,0,3,0,8,0,0,0,-1,0,0
NET_DVR_SCREEN_CONTROL_PARAM,4,0,0,4,0,13,0,0,0,-1,0,2
NET_DVR_SCREEN_CONTROL,6,0,0,6,0,12,0,0,0,-1,1,0
NET_DVR_SCREEN_CONTROL_V41,9,0,0,9,0,14,0,0,0,-1,1,0
NET_DVR_PLAN_OPERATE_TYPE,0,0,0,0,0,6,0,0,0,-1,0,0
NET_DVR_PLAN_INFO,7,0,0,7,0,13,0,0,0,-1,0,0
NET_DVR_CYCLE_TIME,3,0,0,3,0,8,0,0,0,-1,1,0
NET_DVR_PLAN_CFG,11,0,0,11,0,19,0,0,0,-1,1,0
NET_DVR_PLAN_LIST,7,0,0,7,0,13,0,0,0,-1,0,0
NET_DVR_CONTROL_PARAM,7,0,0,7,0,13,0,0,0,-1,0,0
NET_DVR_DEVICE_RUN_STATUS,5,0,0,5,0,10,0,0,0,-1,0,0
NET_DVR_ACCESS_CAMERA_INFO,6,0,0,6,0,13,0,0,0,-1,0,0
NET_DVR_AUDIO_INPUT_PARAM,4,0,0,4,0,9,0,0,0,-1,0,0
NET_DVR_CAMERA_DEHAZE_CFG,4,0,0,4,0,9,0,0,0,-1,0,0
NET_DVR_INPUT_SIGNAL_LIST,6,0,0,6,0,12,0,0,0,-1,0,0
NET_DVR_RECORD_TIME_SPAN_INQUIRY,3,0,0,3,0,8,0,0,0,-1,0,0
NET_DVR_RECORD_TIME_SPAN,5,0,0,5,0,10,0,0,0,-1,1,0
NET_DVR_DRAWFRAME_DISK_QUOTA_CFG,5,0,0,5,0,10,0,0,0,-1,0,0
NET_DVR_NAT_PORT,3,0,0,3,0,8,0,0,0,-1,0,1
NET_DVR_NAT_CFG,12,0,0,12,0,19,0,0,0,-1,2,0
NET_DVR_UPNP_PORT_STATE,7,0,0,7,0,12,0,0,0,-1,1,0
NET_DVR_UPNP_NAT_STATE,2,0,0,2,0,8,0,0,0,-1,0,1
NET_DVR_PLAYCOND,5,0,0,5,0,10,0,0,0,-1,1,1
NET_DVR_VOD_PARA,11,0,0,11,0,16,0,0,0,-1,2,1
NET_DVR_ATMFINDINFO,3,0,0,3,0,8,0,0,0,-1,0,0
NET_DVR_SPECIAL_FINDINFO_UNION,2,0,0,2,0,9,0,0,0,-1,0,1
NET_DVR_FILECOND_V40,15,0,0,15,0,22,0,0,0,-1,2,1
NET_DVR_AES_KEY_INFO,2,0,0,2,0,8,0,0,0,-1,0,0
NET_DVR_POE_CFG,2,0,0,2,0,7,0,0,0,-1,1,0
NET_DVR_CUSTOM_PROTOCAL,14,0,0,14,0,23,0,0,0,-1,0,0
NET_DVR_PREVIEWINFO,10,0,0,10,0,16,0,0,0,-1,0,3
NET_ITS_OVERLAPCFG_COND,4,0,0,4,0,9,0,0,0,-1,0,0
NET_ITS_OVERLAP_SINGLE_ITEM_PARAM,5,0,0,5,0,11,0,0,0,-1,0,0
NET_ITS_OVERLAP_ITEM_PARAM,13,0,0,13,0,20,0,0,0,-1,0,1
NET_ITS_OVERLAP_INFO_PARAM,10,0,0,10,0,24,0,0,0,-1,0,1
NET_ITS_OVERLAP_CFG,6,0,0,6,0,12,0,0,0,-1,2,0
NET_DVR_SETUPALARM_PARAM,4,0,0,4,0,9,0,0,0,-1,0,2
NET_ITS_GATE_VEHICLE,25,0,0,25,0,53,0,0,0,-1,2,0
NET_ITS_PICTURE_INFO,9,0,0,9,0,37,0,0,0,-1,1,1
NET_ITS_PLATE_RESULT,26,0,0,26,0,37,0,0,0,-1,3,1
IVS_PARAM_KEY,0,0,0,0,0,17,0,0,0,-1,0,0
NET_DVR_LF_CALIBRATION_PARAM,3,0,0,3,0,9,0,0,0,-1,0,1
NET_DVR_LF_CFG,5,0,0,5,0,10,0,0,0,-1,1,0
NET_DVR_LF_MANUAL_CTRL_INFO,2,0,0,2,0,7,0,0,0,-1,1,0
NET_DVR_LF_TRACK_TARGET_INFO,2,0,0,2,0,7,0,0,0,-1,0,0
NET_DVR_LF_TRACK_MODE,3,0,0,3,0,19,0,0,0,-1,0,1
VCA_RECOGNIZE_SCENE,0,0,0,0,0,6,0,0,0,-1,0,1
VCA_RECOGNIZE_RESULT,0,0,0,0,0,8,0,0,0,-1,0,1
VCA_TRIGGER_TYPE,0,0,0,0,0,5,0,0,0,-1,0,0
NET_VCA_PLATE_PARAM,8,0,0,8,0,14,0,0,0,-1,1,1
NET_VCA_PLATEINFO,2,0,0,2,0,6,0,0,0,-1,2,1
NET_VCA_PLATECFG,8,0,0,8,0,15,0,0,0,-1,3,0
NET_VCA_PLATE_INFO,8,0,0,8,0,15,0,0,0,-1,4,0
NET_VCA_PLATE_RESULT,9,0,0,9,0,16,0,0,0,-1,0,0
NET_VCA_LINE_SEGMENT,4,0,0,4,0,9,0,0,0,-1,1,0
NET_VCA_LINE_SEG_LIST,4,0,0,4,0,10,0,0,0,-1,0,0
NET_DVR_PLATE_RET,13,0,0,13,0,21,0,0,0,-1,0,1
NET_DVR_CCD_CFG,13,0,0,13,0,17,0,0,0,-1,0,1
tagCAMERAPARAMCFG,41,0,0,41,0,48,0,0,0,-1,0,0
tagIMAGEREGION,6,0,0,6,0,11,0,0,0,-1,0,0
tagIMAGESUBPARAM,5,0,0,5,0,10,0,0,0,-1,1,0
tagIMAGEPARAM,3,0,0,3,0,10,0,0,0,-1,0,0
PLAY_INFO,10,0,0,10,0,18,0,0,0,-1,0,1
BLOCKTIME,6,0,0,6,0,10,0,0,0,-1,0,6
VODSEARCHPARAM,8,0,0,8,0,14,0,0,0,-1,1,0
SECTIONLIST,4,0,0,4,0,8,0,0,0,-1,1,0
VODOPENPARAM,10,0,0,10,0,17,0,0,0,-1,1,1
CONNPARAM,2,0,0,2,0,6,0,0,0,-1,0,1
PACKET_INFO,10,0,0,10,0,23,0,0,0,-1,0,1
STOREINFO,7,0,0,7,0,12,0,0,0,-1,0,1
CREATEFILE_INFO,4,0,0,4,0,13,0,0,0,-1,1,0
CLOSEFILE_INFO,4,0,0,4,0,13,0,0,0,-1,1,0
NET_DVR_LOG_MATRIX,16,0,0,16,0,25,0,0,0,-1,2,1
tagVEDIOPLATLOG,4,0,0,4,0,10,0,0,0,-1,0,1
HaiKangSDKManager,2,6,0,0,6,200,17,0,0,0.6700000166893005,8,1
HaiKangPalteResult,0,0,7,0,0,31,0,0,0,-1,0,2
ICE_OSDAttr_S,28,0,0,28,0,45,0,0,0,-1,0,1
ICE_VBR_RESULT_S,4,0,0,4,0,20,0,0,0,-1,0,1
ICE_VDC_PICTRUE_INFO_S,3,0,0,3,0,19,0,0,0,-1,0,1
ZhiXinSDK,0,47,0,0,47,749,47,0,0,-1,1,3
ZhiXinSDKManager,4,11,0,0,11,524,27,0,0,0.6399999856948853,4,2
ZhiXinPalteResult,0,0,16,0,0,153,0,0,0,-1,0,2
MonthCardReportToExcel,0,10,1,0,4,356,18,0,0,-1,17,2
MonthCardPaymentInfo,0,0,10,0,0,28,0,0,0,-1,0,1
CardPaymentReportToExcel,0,7,1,0,3,273,9,0,0,-1,14,1
Resource1,2,1,12,0,0,131,1,0,0,0,0,1
ActionParameter,1,1,3,0,1,57,1,0,0,0,0,0
CANEntrance,8,48,1,0,29,746,92,0,1,0.2099999934434891,43,1
CANPark,2,14,1,0,7,331,57,0,1,0.4300000071525574,25,0
OrderCode,98,0,0,98,0,142,0,0,0,-1,0,3
CardValidVoice,18,0,0,18,0,75,0,0,0,-1,0,1
CommComponent,3,20,1,0,5,336,37,0,0,0.1000000014901161,19,2
Packet,1,14,4,0,14,162,18,0,0,0.2899999916553497,1,4
PacketCreater,0,41,0,0,27,837,56,0,0,-1,25,1
PacketStream,5,6,0,0,3,152,14,0,0,0,1,1
NETPark,2,22,2,0,10,1066,107,0,1,0.449999988079071,47,2
NetEntrance,12,72,3,0,29,2530,289,0,1,0.02999999932944775,69,1
Resource1,2,1,9,0,0,104,1,0,0,0,0,1
TicketIDCreater,2,1,0,0,1,30,1,0,0,0,0,1
EntranceBase,17,78,14,0,32,1517,175,2,0,0.3100000023841858,50,5
EntranceOperationStatus,0,0,0,0,0,23,0,0,0,-1,0,4
ParkBase,6,105,7,0,40,1871,263,2,0,0.2199999988079071,71,6
AppSettings,44,3,47,0,3,1182,15,0,0,0,3,187
APMStatus,0,0,0,0,0,64,0,0,0,-1,0,3
CardListType,0,0,0,0,0,11,0,0,0,-1,0,8
CardOptions,0,0,0,0,0,58,0,0,0,-1,0,3
CarPlateComparisonResult,0,0,0,0,0,17,0,0,0,-1,0,7
CarPlateRecognizationType,0,0,0,0,0,19,0,0,0,-1,0,3
CommandType,0,0,0,0,0,36,0,0,0,-1,0,8
DataBaseConnectionStatus,0,0,0,0,0,15,0,0,0,-1,0,2
DataBaseType,0,0,0,0,0,5,0,0,0,-1,0,3
EntranceCardTypeProperty,0,0,0,0,0,34,0,0,0,-1,0,3
DiscountCalculateType,0,0,0,0,0,18,0,0,0,-1,0,1
EntranceDeviceType,0,0,0,0,0,11,0,0,0,-1,0,6
EntranceReader,0,0,0,0,0,51,0,0,0,-1,0,8
EntranceWorkmodeOption,0,0,0,0,0,121,0,0,0,-1,0,2
ActionType,0,0,0,0,0,15,0,0,0,-1,0,11
CardStatus,0,0,0,0,0,27,0,0,0,-1,0,29
CardType,0,11,29,0,11,493,17,0,0,-1,1,66
EntranceStatus,0,0,0,0,0,47,0,0,0,-1,0,12
EventInvalidType,0,0,0,0,0,167,0,0,0,-1,0,20
AlarmType,0,0,0,0,0,91,0,0,0,-1,0,19
DivisionType,0,0,0,0,0,12,0,0,0,-1,0,0
ParkListMode,0,0,0,0,0,15,0,0,0,-1,0,3
PREPermission,0,0,0,0,0,61,0,0,0,-1,0,9
ReaderReadMode,0,0,0,0,0,15,0,0,0,-1,0,2
RecordType,0,0,0,0,0,17,0,0,0,-1,0,2
LinkMode,0,0,0,0,0,17,0,0,0,-1,0,0
GateOperation,0,0,0,0,0,15,0,0,0,-1,0,5
ParkingStatus,0,0,0,0,0,64,0,0,0,-1,0,14
PaymentCode,0,0,0,0,0,32,0,0,0,-1,0,8
PaymentMode,0,0,0,0,0,27,0,0,0,-1,0,27
APMLogType,0,0,0,0,0,15,0,0,0,-1,0,2
Permission,0,0,0,0,0,528,0,0,0,-1,0,43
OperatorRightAttribute,0,1,2,0,1,15,1,0,0,-1,0,2
RoadMode,0,0,0,0,0,15,0,0,0,-1,0,4
SMSSendStatus,0,0,0,0,0,19,0,0,0,-1,0,2
SystemType,0,0,0,0,0,5,0,0,0,-1,0,1
TariffType,0,0,0,0,0,19,0,0,0,-1,0,8
VehicleLEDMessageType,0,0,0,0,0,93,0,0,0,-1,0,5
VideoServerType,0,0,0,0,0,19,0,0,0,-1,0,12
VipVisitorStatus,0,0,0,0,0,15,0,0,0,-1,0,0
ParkWorkMode,0,0,0,0,0,11,0,0,0,-1,0,9
WaitingCommandStatus,0,0,0,0,0,15,0,0,0,-1,0,5
CardPaymentInfoFactory,0,2,0,0,2,117,9,0,0,-1,6,6
ParkBillFactory,0,1,0,0,1,30,2,0,0,-1,5,4
IReportHandler,0,1,0,0,0,8,1,10,0,-1,1,2
AccessInfo,0,2,4,0,2,92,7,0,0,-1,1,7
AccessSetting,0,4,3,0,4,107,12,0,0,-1,2,16
AccessTimeZone,0,1,4,0,1,69,2,0,0,-1,2,6
AccountingOption,0,0,0,0,0,5,0,0,0,-1,0,0
APM,0,1,11,0,1,61,1,0,0,-1,0,13
APMCheckOutRecord,0,0,22,0,0,137,0,0,0,-1,0,3
APMRefundRecord,1,3,17,0,3,116,3,0,0,1,2,7
BaseCardTypeSetting,1,4,1,0,4,69,6,0,0,0.75,1,7
CanAddress,0,0,7,0,0,73,0,0,0,-1,0,4
CardChargeRecordSerializer,0,2,0,0,2,78,3,0,0,-1,1,1
CardDateResolver,2,11,1,0,8,603,46,0,0,0.3600000143051147,5,24
CardDeleteRecord,1,1,12,0,1,62,1,0,0,0,0,3
CardEventRecord,1,3,21,0,3,173,3,0,0,1,1,12
CardOperationManager,1,22,1,0,18,427,39,0,0,0.2700000107288361,6,19
CardPaymentInfo,1,1,36,0,1,313,1,0,0,0,0,42
CardPaymentInfoSerializer,0,2,0,0,2,99,5,0,0,-1,1,1
CarPortSetting,0,2,6,0,2,53,2,0,0,-1,1,11
CarTypeSetting,0,8,4,0,8,142,14,0,0,-1,2,38
CarType,0,0,4,0,0,32,0,0,0,-1,0,10
CollectInfo,0,0,7,0,0,10,0,0,0,-1,0,2
CustomCardTypeSetting,1,5,2,0,5,89,11,0,0,0,1,16
DataBaseConnectionsManager,1,3,7,0,3,97,3,0,0,1,1,31
DatetimeInterval,0,4,2,0,4,62,6,0,0,-1,1,4
DeptInfo,4,0,4,0,0,43,0,0,0,-1,0,10
DiscountCalculateSetting,1,2,3,0,2,55,2,0,0,0,1,1
DiscountMeta,1,3,2,0,1,137,7,0,0,1,0,0
DiscountRecordInfo,0,1,9,0,1,70,1,0,0,-1,0,0
ETCPaymentRecord,0,2,6,0,2,43,2,0,0,-1,0,3
FreeAuthorizationLog,0,0,10,0,0,45,0,0,0,-1,0,5
GlobalVariables,5,1,11,5,1,246,2,0,0,0,1,35
HolidayInfo,4,1,3,0,1,74,1,0,0,0,0,4
HolidaySetting,1,1,4,0,1,75,6,0,0,0,2,17
HostStandbySetting,0,8,8,0,8,151,16,0,0,-1,1,3
SMSItem,0,0,2,0,0,15,0,0,0,-1,0,1
HostStandbyStatus,0,0,0,0,0,19,0,0,0,-1,0,3
ServerSwitchRemind,0,0,4,0,0,19,0,0,0,-1,0,1
KeySetting,4,4,9,1,2,190,4,0,0,0.5,0,15
ListCardIDCreater,2,1,0,0,1,26,1,0,0,0,0,2
ParkAccountsInfo,0,1,5,0,1,36,1,0,0,-1,1,2
APMLog,0,0,8,0,0,37,0,0,0,-1,0,3
ParkCarPort,0,1,6,0,1,21,1,0,0,-1,0,1
ParkingCouponInfo,0,2,2,0,2,35,2,0,0,-1,0,2
ParkingParameterDataBuffer,0,1,12,0,1,80,1,0,0,-1,0,1
PREBusinesses,0,0,3,0,0,17,0,0,0,-1,0,5
PREOperatorInfo,3,3,9,0,3,109,4,0,0,1,2,18
PREPreferentialInfo,0,1,16,0,1,87,1,0,0,-1,1,4
PREPreferentialLog,0,0,18,0,0,75,0,0,0,-1,0,7
PRERoleInfo,3,1,7,0,1,105,2,0,0,0,1,13
PRESysOption,0,0,4,0,0,19,0,0,0,-1,0,6
PRESysOptionSetting,1,1,2,0,1,26,1,0,0,0,0,6
PREWorkstation,0,0,3,0,0,12,0,0,0,-1,0,4
PREWorkstationSetting,1,1,2,0,1,25,1,0,0,0,0,5
RecordTypeSerializer,0,3,0,0,3,70,5,0,0,-1,1,1
RoadWayInfo,1,0,5,0,0,58,0,0,0,-1,0,6
RotationInfo,0,0,2,0,0,14,0,0,0,-1,0,2
ServerSwitchRecord,0,0,12,0,0,53,0,0,0,-1,0,4
SpeedingLog,0,0,11,0,0,47,0,0,0,-1,0,5
SpeedingRecord,0,0,7,0,0,32,0,0,0,-1,0,5
SQLStringHelper,0,13,0,0,13,155,20,0,0,-1,0,0
TariffBase,0,3,8,0,3,128,6,8,0,-1,0,7
TariffOfDixiakongjian,0,3,6,0,3,102,11,0,1,-1,3,4
TariffOfThreeTimeZone,0,4,4,0,3,108,8,0,1,-1,2,1
TariffOfTurning,0,2,3,0,2,54,6,0,1,-1,2,4
TariffOfGuanZhou,0,7,3,0,4,371,31,0,1,-1,3,5
TariffOfLimitation,0,2,3,0,2,76,10,0,1,-1,2,5
TariffOfTurningLimited,0,2,3,0,2,62,8,0,1,-1,2,3
TariffPerDay,0,4,3,0,4,68,9,0,1,-1,1,5
TariffPerTime,0,4,1,0,4,34,7,0,1,-1,1,5
TariffTimeZone,0,7,5,0,7,168,18,0,0,-1,2,6
TariffTwoZoneCharge,0,3,5,0,3,55,3,0,0,-1,0,1
TariffSetting,2,16,4,0,13,768,73,0,0,0.119999997317791,9,27
TimeZone,0,6,3,0,5,164,16,0,0,-1,1,5
TollOptionSetting,1,5,3,0,5,96,7,0,0,1,1,10
VehicleLedSetting,0,6,1,0,6,81,11,0,0,-1,1,2
VehicleLedItem,0,1,20,0,1,119,1,0,0,-1,0,3
WintoneCarPlateSetting,0,1,16,0,1,92,1,0,0,-1,0,0
YangChenTongLog,0,0,7,0,0,33,0,0,0,-1,0,4
YCTBlacklist,0,2,7,0,2,46,2,0,0,-1,0,2
YCTPaymentRecord,0,2,31,0,2,140,2,0,0,-1,0,4
YCTPaymentRecordState,0,0,0,0,0,19,0,0,0,-1,0,2
ZSTSetting,0,3,1,0,3,39,5,0,0,-1,1,1
ZSTItem,0,0,3,0,0,19,0,0,0,-1,0,2
ChargeUnit,0,3,2,0,3,36,4,0,0,-1,0,7
UserSetting,1,1,35,0,1,211,1,0,0,0,0,77
SnapShot,2,4,4,0,2,100,5,0,0,0.75,0,7
AlarmInfo,0,1,7,0,1,36,1,0,0,-1,0,14
CardChargeRecord,0,1,14,0,1,64,1,0,0,-1,0,8
CardDeferRecord,0,1,15,0,1,97,1,0,0,-1,0,7
CardDisableEnableRecord,0,0,12,0,0,21,0,0,0,-1,0,3
CarFlowStatistics,0,0,9,0,0,50,0,0,0,-1,0,1
CarFlowStatisticsType,0,0,0,0,0,15,0,0,0,-1,0,4
CardLostRestoreRecord,0,1,16,0,1,72,1,0,0,-1,0,5
CardRecycleRecord,1,1,14,0,1,70,1,0,0,0,0,5
CardReleaseRecord,1,1,17,0,1,86,1,0,0,0,0,6
OperatorSettleLog,0,0,44,0,0,246,0,0,0,-1,0,6
TimeEntity,2,6,3,0,6,94,11,0,0,0.6700000166893005,1,18
VideoSourceInfo,0,5,16,0,5,240,7,0,0,-1,0,29
WaitingCommandInfo,0,1,5,0,1,30,1,0,0,-1,0,9
CardInfo,1,19,58,1,19,837,23,0,0,1,7,69
EntranceInfo,4,5,47,2,5,690,9,0,0,1,2,61
OperatorInfo,3,3,12,0,3,131,4,0,0,1,2,95
ParkInfo,2,6,27,0,6,324,17,0,0,0.6700000166893005,1,35
RoleInfo,5,1,9,0,1,135,2,0,0,0,1,34
SysparameterInfo,0,2,3,0,2,19,2,0,0,-1,0,3
WorkStationInfo,3,6,18,0,6,346,22,0,0,0.8299999833106995,3,39
DeviceModeNotify,0,2,2,0,2,26,2,0,0,-1,1,0
DeviceWorkMode,0,0,0,0,0,18,0,0,0,-1,0,1
EntranceSwitchNotify,0,2,2,0,2,25,2,0,0,-1,0,5
QueryParkFeeNotify,0,1,3,0,1,26,1,0,0,-1,0,0
EntranceRemainTempCardNotify,0,2,3,0,2,33,2,0,0,-1,0,5
RemoteReadCardNotify,0,5,9,0,5,96,5,0,0,-1,0,7
UpdateSystemParamSettingNotity,0,2,4,0,2,40,2,0,0,-1,1,4
FetchCardRequesNotify,0,3,1,0,3,23,3,0,0,-1,0,0
EventInvalidNotify,0,1,5,0,1,36,1,0,0,-1,0,7
EventValidNotify,0,2,4,0,2,39,2,0,0,-1,1,9
CarTypeSwitchNotify,0,2,2,0,2,25,2,0,0,-1,0,5
DeviceReSetNotify,0,2,2,0,2,25,2,0,0,-1,0,5
DownLoadCardNotify,0,2,2,0,2,27,2,0,0,-1,0,0
GateOperationNotify,0,2,3,0,2,33,2,0,0,-1,1,8
FetchEventRequestNotify,2,2,2,0,2,36,2,0,0,1,0,0
SetCardMachineNotify,1,1,1,0,1,16,1,0,0,0,0,0
SetLedDisplayNotify,0,1,5,0,1,45,1,0,0,-1,0,5
AddressHelper,0,5,0,0,5,69,6,0,0,-1,1,0
ArrowDirection,0,0,0,0,0,15,0,0,0,-1,0,0
CentralController,1,1,9,0,1,130,1,0,1,0,1,0
DetectHeight,0,0,0,0,0,35,0,0,0,-1,0,0
DetectInterval,0,0,0,0,0,35,0,0,0,-1,0,0
DeviceBase,0,1,5,0,1,43,1,2,0,-1,0,1
DeviceType,0,0,0,0,0,19,0,0,0,-1,0,1
ParkingDetector,1,1,3,0,1,61,1,0,1,0,0,0
ParkingDetectorStatus,0,0,0,0,0,19,0,0,0,-1,0,0
ParkingGuideBus,2,8,6,0,8,233,17,0,0,0,2,2
ParkingScreen,3,1,6,0,1,127,1,0,1,0,0,0
RegionController,1,2,4,0,2,97,2,0,1,1,1,0
SubDevice,0,0,4,0,0,38,0,3,1,-1,0,1
AlarmReport,0,2,4,0,2,45,2,0,1,-1,1,11
ButtonClickedReport,0,0,2,0,0,22,0,0,1,-1,0,4
CardCaptureReport,0,2,1,0,2,25,2,0,1,-1,0,7
RecordID,0,2,2,0,2,21,2,0,0,-1,0,3
CardEventReport,0,5,37,0,5,467,7,0,1,-1,7,28
CardEventStatus,0,0,0,0,0,15,0,0,0,-1,0,15
CardTakeoutReport,0,2,1,0,2,23,2,0,1,-1,0,3
CarPlateComparer,0,1,0,0,1,42,3,0,0,-1,0,3
CarplateRecReport,0,2,1,0,2,30,2,0,1,-1,0,1
CommandEchoReport,0,0,2,0,0,19,0,0,1,-1,0,6
DeviceResetReport,0,2,1,0,2,25,2,0,1,-1,0,9
OfflineCardReadReport,0,0,11,0,0,81,0,0,1,-1,0,7
ParkVacantReport,0,2,2,0,2,32,2,0,1,-1,0,15
EntranceRemainTempCardReport,0,2,2,0,2,31,2,0,1,-1,0,7
CardReadReport,0,2,13,0,2,117,2,0,1,-1,1,5
ReaderLogReport,0,2,2,0,2,32,2,0,1,-1,0,1
ReportBase,0,2,6,0,2,56,2,17,0,-1,0,24
CarSenseReport,0,2,3,0,2,39,2,0,1,-1,0,12
UpdateSystemParamSettingReport,0,2,4,0,2,47,2,0,1,-1,0,4
WaitingCommandID,0,2,3,0,2,27,2,0,0,-1,1,1
CardInvalidEventReport,0,1,4,0,1,43,1,0,1,-1,0,13
EntranceStatusReport,0,2,2,0,2,35,2,0,1,-1,1,12
AlarmTypeDescription,0,1,0,0,1,60,2,0,0,-1,2,2
APMStatusDescription,0,1,0,0,1,21,14,0,0,-1,2,2
BarcodeStatusDescription,0,1,0,0,1,7,1,0,0,-1,1,1
CardInvalidDescripition,0,1,0,0,1,91,2,0,0,-1,2,11
CardListTypeDescription,0,1,0,0,1,20,2,0,0,-1,2,3
CardStatusDescription,0,1,0,0,1,26,2,0,0,-1,2,3
CarTypeDescription,0,0,12,0,0,100,0,0,0,-1,0,3
CommandTypeDescription,0,1,0,0,1,27,2,0,0,-1,2,2
EntranceDeviceTypeDescription,0,1,0,0,1,15,2,0,0,-1,2,1
ParkListModeDescription,0,1,0,0,1,22,2,0,0,-1,2,1
EntranceStatusDescription,0,1,0,0,1,31,2,0,0,-1,2,1
HostStandbyStatusDescription,0,1,0,0,1,20,2,0,0,-1,2,2
ParkingStatusDescription,0,1,0,0,1,49,10,0,0,-1,2,4
ParkWorkModeDescription,0,1,0,0,1,15,2,0,0,-1,2,2
PaymentCodeDescription,0,1,0,0,1,26,2,0,0,-1,2,5
PaymentModeDescription,0,1,0,0,1,28,2,0,0,-1,2,12
APMLogTypeDescription,0,1,0,0,1,17,2,0,0,-1,2,1
PermissionDescription,0,4,0,0,4,248,8,0,0,-1,3,4
PrinterStatusDescription,0,1,0,0,1,21,2,0,0,-1,1,1
Resource1,2,1,351,0,0,3182,1,0,0,0,0,37
ResultCodeDecription,0,1,0,0,1,26,2,0,0,-1,2,19
RoadModeDescription,0,1,0,0,1,17,2,0,0,-1,2,1
SMSSendStatusDescription,0,1,0,0,1,24,2,0,0,-1,2,1
TariffTypeDescription,0,1,0,0,1,24,2,0,0,-1,2,5
VehicleLEDMessageTypeDescription,0,1,0,0,1,44,2,0,0,-1,2,4
WaitingCommandStatusDescription,0,1,0,0,1,17,2,0,0,-1,2,2
WorkModeDescription,0,1,0,0,1,15,2,0,0,-1,1,0
CommandResult,2,3,2,0,3,46,3,0,0,0.6700000166893005,2,145
QueryResult<T>,3,3,3,0,3,67,3,0,0,0.6700000166893005,2,0
QueryResultList<T>,3,3,3,0,3,65,3,0,0,0.6700000166893005,2,0
ResultCode,0,0,0,0,0,38,0,0,0,-1,0,141
AlarmSearchCondition,0,0,2,0,0,5,0,0,1,-1,0,4
APMCheckOutRecordSearchCondition,0,0,2,0,0,11,0,0,1,-1,0,3
CardEventSearchCondition,0,0,4,0,0,20,0,0,1,-1,0,9
CardPaymentRecordSearchCondition,0,0,7,0,0,33,0,1,1,-1,0,11
CardSearchCondition,0,0,22,0,0,91,0,0,1,-1,0,20
DateTimeRange,0,2,2,0,2,28,2,0,0,-1,0,53
EntranceSearchCondition,0,0,3,0,0,15,0,0,1,-1,0,2
ETCPaymentRecordSearchCondition,0,0,3,0,0,15,0,0,1,-1,0,2
OperatorSearchCondition,0,0,5,0,0,24,0,0,1,-1,0,14
APMLogSearchCondition,0,0,4,0,0,19,0,0,1,-1,0,5
ParkCarPortSearchCondition,0,0,1,0,0,4,0,0,1,-1,0,2
PreferentialReportSearchCondition,0,0,7,0,0,21,0,0,1,-1,0,8
RecordSearchCondition,0,0,19,0,0,77,0,6,1,-1,0,53
SearchCondition,0,0,0,0,0,4,0,12,0,-1,0,41
ServerSwitchRecordSearchCondition,0,0,3,0,0,15,0,0,1,-1,0,2
SnapShotSearchCondition,0,0,2,0,0,11,0,0,1,-1,0,2
WaitingCommandSearchCondition,0,0,4,0,0,19,0,0,1,-1,0,3
WorkstationSearchCondition,0,0,1,0,0,4,0,0,1,-1,0,5
YCTBlacklistSearchCondition,0,0,3,0,0,8,0,0,1,-1,0,1
YCTPaymentRecordSearchCondition,0,0,9,0,0,20,0,0,1,-1,0,3
CryptoTripleDes,1,3,0,0,3,77,4,0,0,0,0,0
Resources,2,1,2,0,0,41,1,0,0,0,0,0
Settings,1,0,1,0,0,12,0,0,0,-1,0,0
ComCommunication,1,5,0,0,5,36,5,0,1,0,0,0
FrmConnect,14,8,0,0,1,235,12,0,0,0.25,1,1
FrmMain,8,7,0,0,2,168,9,0,0,0.2899999916553497,5,1
ICommunication,0,4,0,0,0,10,4,2,0,-1,0,1
Message,3,7,1,0,4,145,11,0,0,0,5,1
NetCommunication,3,6,0,0,5,72,7,0,1,0.3300000131130219,0,0
Program,0,2,0,0,0,30,3,0,0,-1,0,0
ThirdCommunicationServer,5,10,1,0,3,236,35,0,0,0,12,2
IParkingAdapter,0,41,0,0,0,328,41,2,0,-1,20,18
IReportSinker,0,11,0,0,0,78,11,1,0,-1,10,1
IReportSource,0,0,0,0,0,7,0,1,0,-1,0,0
ParkingAdapterServer,8,69,1,0,43,672,93,0,1,0.05999999865889549,39,0
ParkingAdapter,11,63,1,0,56,1320,116,0,1,0.02999999932944775,34,2
ServiceHelper,0,5,0,0,3,120,15,0,0,-1,9,1
ParkingAdapterManager,3,2,2,0,1,82,2,0,0,0,1,15
SwitchRoadModeArgs,0,2,2,0,2,21,2,0,0,-1,2,1
FrmCarPlateFrees,16,11,0,0,1,276,14,0,1,0.6399999856948853,7,1
FrmAPMRefund,29,22,0,0,1,666,50,0,1,0.1400000005960464,24,1
FrmBase,1,3,2,0,1,82,4,1,0,0,0,1
FrmBlackListDetail,8,9,0,0,1,216,15,0,1,0.2199999988079071,9,1
FrmBlackLists,17,13,0,0,1,338,21,0,1,0.5400000214576721,14,1
FrmBlackListUnbundling,5,5,1,0,1,108,8,0,0,0.6000000238418579,1,1
FrmCardChangeKey,23,13,0,0,1,417,27,0,0,0.1500000059604645,7,1
FrmCardDataConvert,32,12,0,0,1,521,20,0,0,0.1700000017881393,18,1
FrmCardIDConvert,27,11,0,0,1,448,18,0,0,0.2700000107288361,9,1
FrmCardMonthlyFee,15,9,1,0,1,351,16,0,0,0.2199999988079071,7,1
FrmCardOut,15,12,0,0,1,409,33,0,1,0,28,1
FrmCardsDownloadTest,13,3,0,0,1,203,4,0,0,0,1,0
FrmCarEventConfirm,18,18,0,0,2,625,47,0,1,0.1700000017881393,15,1
FrmCarEventCorrect,1,3,0,0,1,53,4,0,0,0.6700000166893005,0,0
FrmCarPlateFailDetail,20,9,1,0,1,383,22,0,0,0.2199999988079071,7,2
FrmCarPlateFuzzyQuery,17,14,1,0,1,400,28,0,0,0.1400000005960464,10,2
FrmCarPlateInput,5,6,1,0,2,185,11,0,0,0.3300000131130219,2,2
FrmCarPlateManualEnter,25,16,4,0,3,572,38,0,0,0,8,3
FrmCarPlateManualExit,29,17,2,0,2,582,41,0,0,0,10,3
FrmCarPlateOfDaHua,38,29,0,0,9,1188,89,0,1,0.1400000005960464,19,1
FrmCarPlateOfHaiKang,32,27,0,0,10,1008,86,0,1,0.1500000059604645,19,1
FrmCarPlateOfZhiXin,41,28,0,0,10,1198,96,0,1,0.1400000005960464,12,1
FrmCarplateTestForFile,34,14,0,0,1,505,27,0,0,0.1400000005960464,3,1
FrmCarplateTestForVideo,23,11,0,0,1,367,19,0,0,0.1800000071525574,5,1
FrmBCCertificateRegistration,32,27,0,0,3,839,62,0,1,0.1099999994039536,21,1
FrmBCCertificateTicket,61,27,0,0,3,1267,78,0,1,0.07000000029802322,21,1
FrmDGVColumnSelection,7,11,2,0,1,257,27,0,0,0.3600000143051147,2,1
FrmDeptDetail,6,9,0,0,1,167,15,0,1,0.3300000131130219,11,1
FrmDepts,5,7,0,0,1,136,10,0,1,0.7099999785423279,10,1
FrmDownLoadAccessSetting,4,8,1,0,1,151,13,0,1,0.25,11,0
FrmDownLoadBase,10,19,1,0,1,347,30,4,0,0.1099999994039536,2,6
FrmDownLoadHolidaySetting,3,8,0,0,1,139,14,0,1,0.25,11,0
FrmDownLoadKeySetting,3,8,0,0,1,132,12,0,1,0.25,11,0
FrmDownLoadTariffSetting,3,8,0,0,1,140,14,0,1,0.25,11,0
FrmEntranceDetail,35,10,1,0,1,518,23,0,1,0.2000000029802322,11,1
FrmHostStandbySetting,16,13,0,0,1,354,30,0,0,0.1500000059604645,5,1
FrmHotelAuthorization,36,32,0,0,1,970,70,0,1,0.1599999964237213,24,1
FrmInputCardIDBase,1,7,0,0,1,116,17,10,0,0.5699999928474426,2,10
FrmLocalSettings,66,10,0,0,1,850,18,0,0,0.300000011920929,5,2
FrmManageCardDetail,18,17,0,0,1,475,39,0,1,0.239999994635582,20,0
FrmMessageBox,8,15,0,0,9,228,17,0,0,0.4699999988079071,0,0
FrmNetEntranceDetail,85,22,2,0,1,1402,67,0,1,0.1400000005960464,16,1
FrmNoCardLost,13,7,0,0,1,220,11,0,0,0.2899999916553497,6,1
FrmOperatorCardCashComfirm,3,7,2,0,1,161,9,0,0,0.5699999928474426,9,2
FrmOperatorCardReader,3,9,5,0,1,186,14,0,0,0.5600000023841858,7,2
FrmParkDetail,28,10,1,0,1,554,27,0,1,0.2000000029802322,17,1
FrmParkDeviceDetail,80,17,1,0,1,1030,54,0,0,0.119999997317791,1,1
FrmParkingCouponInput,9,7,2,0,1,248,15,0,0,0.4300000071525574,3,2
FrmParkTarrif,17,15,2,0,1,534,47,0,0,0.2000000029802322,17,1
FrmPrintDataGridView,23,7,0,0,2,427,32,0,0,0.2899999916553497,1,1
FrmProcessing,4,5,0,0,2,124,7,0,0,0.4000000059604645,0,2
FrmQRCodeIDBinding,23,18,0,0,1,550,33,0,1,0.1099999994039536,6,1
FrmRoadWay,12,12,1,1,1,289,27,0,1,0.1700000017881393,16,1
FrmRoadWayDetail,6,9,0,0,1,174,14,0,1,0.2199999988079071,9,1
FrmSelectEntrances,4,6,1,0,1,115,8,0,0,0.3300000131130219,1,1
FrmShareLaneDetail,8,12,0,0,1,272,21,0,1,0.4199999868869781,9,1
FrmShareLanes,6,11,0,0,1,218,20,0,1,0.7300000190734863,11,1
FrmSnapShoter,4,15,0,0,11,742,61,0,1,0.2000000029802322,19,3
FrmCarPlateOfVecon,9,13,0,0,4,303,30,0,1,0.3100000023841858,6,1
FrmCarPlateOfWintone,38,23,0,0,5,938,55,0,1,0.2599999904632568,10,1
TH_PlateIDCfg,28,0,0,28,0,42,0,0,0,-1,0,1
TH_PlateResult,15,0,0,14,0,22,0,0,0,-1,1,1
TH_RECT,4,0,0,4,0,12,0,0,0,-1,0,2
WintoneCarplateSetting,0,2,27,0,2,146,2,0,0,-1,0,1
FrmCarPlateOfXinLuTong,18,26,0,0,9,829,86,0,1,0.1899999976158142,12,1
CarPlateDevice,0,3,28,0,3,233,5,0,0,-1,0,4
DeviceState,0,0,2,0,0,11,0,0,0,-1,0,1
FrmSpeedingDetail,22,12,1,0,2,392,21,0,0,0.25,9,2
FrmSpeedingProcess,21,13,1,0,1,461,30,0,0,0.1500000059604645,14,1
FrmSyncDataToStandby,24,23,0,0,1,845,91,0,0,0,23,1
FrmVehicleLedDetail,39,8,4,0,1,562,16,0,0,0.25,6,1
FrmVehicleLedSetting,33,35,1,0,4,1125,99,0,1,0.1400000005960464,25,1
FrmVerifyPermissions,7,8,2,4,1,197,16,0,0,0.3799999952316284,5,1
FrmWorkstationsSelection,16,23,2,0,1,518,54,0,0,0.2599999904632568,6,0
FrmYCTPOSPayment,4,14,4,0,1,428,41,0,0,0.3600000143051147,9,2
FrmZSTParameter,16,7,2,0,1,315,16,0,0,0.2899999916553497,1,1
FrmZSTDetail,9,5,4,0,1,215,6,0,0,0.6000000238418579,1,1
FrmZSTPayment,3,7,1,0,1,127,9,0,0,0.8600000143051147,3,3
FrmZSTSetting,17,23,1,0,4,632,67,0,1,0.1299999952316284,35,6
ZSTHandlerInfo,0,1,4,0,1,17,1,0,0,-1,0,1
ItemAddedEventArgs,0,2,1,0,2,13,2,0,0,-1,0,4
ItemUpdatedEventArgs,0,2,1,0,2,11,2,0,0,-1,0,4
frmAboat,7,9,0,0,1,260,16,0,1,0.4399999976158142,5,1
FrmAccessGroup,12,10,1,0,1,254,19,0,0,0.300000011920929,7,1
FrmAccessLevelDetail,15,17,1,0,1,386,36,0,0,0.1800000071525574,10,1
FrmAPMDetail,5,10,0,0,1,171,15,0,1,0.4000000059604645,9,1
FrmAPMMaster,8,7,0,0,1,166,10,0,1,0.7099999785423279,9,1
FrmCardBulkChange,18,11,1,0,1,425,23,0,0,0.2700000107288361,11,1
FrmCardCenterCharge,98,60,1,0,3,3122,273,0,1,0.07999999821186066,77,1
FrmVipCardReader,2,8,4,0,1,141,10,0,0,0.75,1,2
FrmClose,8,7,0,0,1,165,11,0,0,0.2899999916553497,4,0
FrmExcelStarted,3,3,0,0,1,71,4,0,0,0.6700000166893005,1,0
FrmHandInCashConfirm,9,5,3,0,1,213,7,0,0,0.6000000238418579,1,2
FrmHolidayDetail,19,9,2,0,1,359,22,0,0,0.2199999988079071,5,1
FrmParkDeviceIP,9,9,1,0,1,204,14,0,0,0.3300000131130219,1,1
FrmSearchDevice,9,8,0,0,1,235,20,0,0,0.25,5,1
FrmMultiTimezoneTariff,75,9,2,0,1,1008,10,0,0,0.2199999988079071,2,0
FrmOperatorShiftConfirm,6,4,2,0,1,147,5,0,0,0.5,1,0
FrmRealReport,2,5,0,0,2,86,7,0,1,0,2,1
FrmTariffSelection,207,40,1,0,1,3233,87,0,0,0.05000000074505806,18,2
frmTempCardSetting,5,6,1,0,1,138,8,0,0,0.5,1,1
FrmYCTPayment,4,8,2,0,1,181,17,0,0,0.5,4,3
EntranceEventArgs,0,0,1,0,0,7,0,0,0,-1,0,3
NeutralVersion,4,2,0,4,2,70,6,0,0,0,1,3
OnlineParkEventHandler,0,1,0,0,1,11,1,0,1,-1,1,0
ParkingSoftDogVerifyService,3,8,1,0,5,234,14,0,0,0.75,1,1
ParkVacantLedRender,2,5,0,0,2,105,16,0,1,0,5,1
DirectPrint,3,5,1,0,1,100,11,0,0,0,0,1
FrmCardEventDetail,33,12,1,0,1,579,31,0,0,0.1700000017881393,22,2
FrmAddCards,80,19,0,0,1,1113,42,0,1,0.1599999964237213,18,1
FrmCardCharge,17,10,1,0,1,428,33,0,0,0.300000011920929,14,1
FrmCardDefer,19,11,1,0,1,462,35,0,0,0.2700000107288361,18,1
FrmCardDetail,9,13,0,0,1,332,38,0,1,0.1500000059604645,16,0
FrmCardDisableEnable,9,10,1,0,1,296,26,0,0,0.300000011920929,13,1
FrmCardLostRestore,20,14,1,0,1,509,36,0,0,0.2099999934434891,21,1
FrmCardPaying,111,64,1,0,2,3311,282,0,1,0.05000000074505806,80,1
FrmCardRecycle,11,9,1,0,1,312,25,0,0,0.3300000131130219,12,1
FrmCardRelease,15,17,1,0,1,558,57,0,0,0.239999994635582,16,1
FrmChangePwd,10,7,1,0,1,222,17,0,0,0.2899999916553497,8,2
FrmDownLoadAllCards,16,17,2,0,1,556,44,0,0,0,10,2
FrmRemoteReadCard,14,10,4,0,1,340,19,0,1,0.300000011920929,9,1
FrmMonitor,6,9,0,0,1,204,14,0,0,0.3300000131130219,5,1
FrmCards,97,53,0,0,2,1752,125,0,0,0.1899999976158142,41,1
FrmDetailBase,3,16,3,0,1,269,36,18,0,0.5,4,21
FrmMain,200,161,0,0,2,5001,370,0,0,0.1099999994039536,194,0
FrmMasterBase,9,26,1,0,3,428,53,13,0,0.2300000041723251,6,13
FrmOperators,21,12,0,0,1,338,18,0,1,0.4199999868869781,16,1
FrmOperatorSettle,85,15,7,0,2,1339,52,0,0,0.2700000107288361,10,2
PrintObject,0,0,4,0,0,19,0,0,0,-1,0,1
FrmRoles,5,8,0,0,1,145,11,0,1,0.75,12,1
FrmSystemOption,345,116,1,0,2,7522,459,0,0,0.07999999821186066,50,2
FrmVideoSourceDetail,20,9,1,0,1,409,24,0,1,0.3300000131130219,12,1
FrmWaiting,6,6,1,0,3,129,7,0,0,0.3300000131130219,0,0
FrmWorkstationDetail,18,15,0,0,1,542,39,0,1,0.1299999952316284,15,1
FrmWorkstations,17,11,0,0,1,278,14,0,1,0.449999988079071,16,1
FrmWorkstationSelection,5,5,1,0,1,114,8,0,0,0,3,1
FrmLogin,36,17,1,7,1,790,55,0,0,0.119999997317791,7,1
FrmOperatorDetail,18,10,0,0,1,372,26,0,1,0.300000011920929,14,1
ResourceUtil,0,6,0,0,4,231,21,0,0,-1,1,3
ParkingSoftDogVerify,0,4,0,0,2,106,7,0,0,-1,1,3
VehicleLedRender,1,3,0,0,2,58,9,0,1,0.6700000166893005,6,1
FrmRoleDetail,12,9,0,0,1,256,17,0,1,0.2199999988079071,13,1
ReportEventArgs<T>,0,0,1,0,0,7,0,0,0,-1,0,0
CardEventProcessedArgs,0,2,2,0,2,27,2,0,0,-1,1,2
FrmAreaDetail,13,5,5,0,1,276,11,0,0,0.4000000059604645,2,1
FrmOutdoorLedSetting,20,11,1,0,1,463,40,0,0,0.1800000071525574,10,1
FrmAPMCheckOutReport,29,7,0,0,1,394,11,0,1,0,9,1
FrmAPMRefundReport,36,7,0,0,1,476,11,0,1,0,11,1
FrmBCCertificateTicketReport,86,13,0,0,1,1147,43,0,1,0.2300000041723251,13,1
FrmBlackListLogReport,25,6,0,0,1,353,9,0,1,0,7,1
FrmCardDeferStatistics,20,7,0,0,1,336,14,0,1,0,11,1
FrmCardDeleteReport,27,6,0,0,1,366,8,0,1,0,12,1
FrmCardInParkReport,39,15,0,0,1,634,34,0,1,0.2000000029802322,24,1
FrmCardPayingStatistics,47,7,0,0,1,668,16,0,1,0,20,1
FrmCardPayingStatisticsByOperator,39,8,0,0,1,590,22,0,1,0,19,1
FrmCardPaymentRecordDetail,30,7,1,0,1,384,12,0,0,0.2899999916553497,12,1
FrmCardReport,24,5,0,0,1,359,11,0,1,0,10,1
FrmCarFlowStatistics,16,8,0,0,1,431,22,0,1,0,14,1
FrmCarPlateFreeReport,12,6,0,0,1,243,8,0,1,0,3,0
FrmCarTypeFlowStatistics,18,9,0,0,1,452,24,0,1,0,16,1
FrmCarTypeReport,33,22,2,0,2,1068,46,0,0,0,15,1
FrmCarTypeReportView,5,6,3,0,2,169,10,0,0,0,3,1
FrmAPMLogReport,23,7,0,0,1,348,14,0,1,0,11,1
FrmBCCertificateRegistrationReport,44,13,0,0,1,634,24,0,1,0.3100000023841858,12,1
FrmCorrectCarPlate,30,20,1,0,1,855,57,0,0,0.1000000014901161,20,2
FrmFreeAuthorizationLogReport,29,14,0,0,1,570,33,0,1,0.2099999934434891,22,1
FrmGateAlarmReport,13,9,0,0,1,307,18,0,1,0,13,1
FrmHasPaidCardReport,23,9,0,0,1,543,24,0,1,0,12,1
HaspaidCardRecord,0,0,9,0,0,26,0,0,0,-1,0,1
FrmOwnershipFlowStatistics,11,7,0,0,1,285,14,0,1,0,11,1
FrmPaymentOrderRecordReport,34,11,0,0,1,506,19,0,1,0.3600000143051147,9,1
FrmPaymentOrderReport,24,11,0,0,1,403,18,0,1,0.3600000143051147,9,1
FrmVehiclePassReport,13,6,0,0,1,266,8,0,1,0,4,1
FrmVisitingRecordReport,27,9,0,0,1,525,20,0,1,0,6,1
FrmYCTPaymentReport,26,9,0,0,1,406,17,0,0,0,7,1
FrmPhotoViewer,5,8,0,0,2,158,13,0,0,0.3799999952316284,2,2
FrmServerSwitchReport,17,6,0,0,1,273,8,0,1,0,12,1
FrmSnapshotExporter,5,6,2,0,1,157,14,0,0,0.3300000131130219,5,1
FrmSnapShotViewer,9,13,1,0,4,272,25,0,0,0.3100000023841858,6,12
RecordPositionEventArgs,0,0,2,0,0,13,0,0,0,-1,0,14
FrmCardReleaseReport,38,6,0,0,1,497,8,0,1,0,13,1
FrmSpeedingReport,26,14,2,0,1,584,30,0,1,0.2899999916553497,16,1
FrmWaitingCommandReport,17,11,0,0,1,454,21,0,1,0.1800000071525574,18,1
FrmYangChenTongLogReport,12,7,0,0,1,243,11,0,1,0.2899999916553497,8,1
FrmAlarmReport,21,10,0,0,1,419,23,0,1,0,20,1
FrmCardChargeReport,37,6,0,0,1,458,8,0,1,0,11,1
FrmCardDeferReport,40,6,0,0,1,517,8,0,1,0,14,1
FrmCardDisableEnableReport,26,6,0,0,1,361,8,0,1,0,10,1
FrmCardEventReport,59,21,0,0,1,1028,53,0,1,0.1400000005960464,28,1
FrmCardLostRestoreReport,31,6,0,0,1,413,8,0,1,0,11,1
FrmCardRecycleReport,37,6,0,0,1,466,8,0,1,0,12,1
FrmOperatorLogReport,58,16,0,0,1,983,46,0,1,0.3799999952316284,22,1
FrmCardPaymentReport,108,18,0,1,1,1514,56,0,1,0.2199999988079071,37,1
FrmReportBase,9,25,3,0,1,492,63,39,0,0.3600000143051147,9,39
Resources,2,1,41,0,0,431,1,0,0,0,0,29
Settings,1,0,1,0,0,12,0,0,0,-1,0,0
Resource1,2,1,503,0,0,4550,1,0,0,0,0,116
IPlateRecognition,0,2,0,0,0,16,2,7,0,-1,0,1
PlateRecognitionResult,0,0,2,0,0,15,0,0,0,-1,0,11
PlateRecognitionService,2,5,1,0,5,147,12,0,1,0.6000000238418579,8,5
Resources,2,1,2,0,0,41,1,0,0,0,0,0
Settings,1,0,1,0,0,12,0,0,0,-1,0,0
Program,0,5,0,0,2,53,8,0,0,-1,0,0
Resources,2,1,2,0,0,41,1,0,0,0,0,0
Settings,1,0,1,0,0,12,0,0,0,-1,0,0
OutDoorLed,0,1,5,0,1,37,1,0,0,-1,0,2
OutDoorLedArea,0,0,10,0,0,54,0,0,0,-1,0,3
ParkOutDoorLedManager,3,7,5,0,5,234,27,0,0,0,5,4
ParkOutDoorLedSettingsStorage,0,2,0,0,2,66,2,0,0,-1,9,3
FrmAreaDetail,13,5,5,0,1,276,11,0,0,0.4000000059604645,2,1
FrmLEDDetail,13,6,5,0,1,285,11,0,0,0.5,1,1
FrmConnect,14,8,0,0,1,239,12,0,0,0.25,2,1
FrmOutdoorLedSetting,56,27,0,0,1,1165,90,0,0,0.1899999976158142,16,0
Program,0,2,0,0,0,27,3,0,0,-1,0,0
Resource1,2,1,20,0,0,203,1,0,0,0,0,4
ResourceUtil,0,5,0,0,4,90,16,0,0,-1,1,1
FrmParkingDebugTool,71,26,0,3,1,1738,92,0,0,0.07999999821186066,27,0
Program,0,1,0,0,0,13,1,0,0,-1,0,0
UCSection,10,5,2,0,2,285,11,0,0,0.4000000059604645,0,1
Resources,2,1,2,0,0,49,1,0,0,0,0,0
Settings,1,0,1,0,0,15,0,0,0,-1,0,0
FrmLoginTool,10,10,0,6,1,331,22,0,0,0.2000000029802322,5,0
FrmOfflineCardPaying,23,20,0,0,1,555,34,0,0,0.25,22,0
FrmPaying,52,22,0,0,1,1174,72,0,0,0.1800000071525574,32,1
FrmUpdatePaymentRecord,52,13,0,0,1,895,27,0,1,0,24,1
Program,0,2,0,0,0,27,3,0,0,-1,0,0
Resource1,2,1,39,0,0,374,1,0,0,0,0,3
Resources,2,1,6,0,0,69,1,0,0,0,0,2
Settings,1,0,1,0,0,12,0,0,0,-1,0,0
LDB_CardPaymentRecordBll,2,9,0,0,9,112,16,0,0,0,11,5
LDB_SysParaSettingsBll,2,8,1,0,8,259,16,0,0,0.25,7,3
LDB_SystemParameterBll,1,4,0,0,4,34,4,0,0,0,4,1
LDB_UpdateLoaclDataService,7,5,1,0,4,150,14,0,0,0.4000000059604645,15,1
LDB_ICardPaymentRecordProvider,0,0,0,0,0,3,0,1,1,-1,0,2
LDB_ISysParameterProvider,0,0,0,0,0,3,0,1,1,-1,0,2
LDB_ProviderFactory,0,1,0,0,1,34,6,0,0,-1,0,4
LDB_CardPaymentRecordProvider,0,4,0,0,2,71,26,0,2,-1,8,0
LDB_DataContext,0,1,2,0,1,23,1,0,0,-1,0,5
LDB_DataContextFactory,0,1,0,0,1,11,1,0,0,-1,1,2
"LDB_ProviderBase<TInfo,TID>",1,17,1,0,11,241,25,0,1,0.7099999785423279,7,0
LDB_SysparameterProvider,0,4,0,0,2,34,5,0,2,-1,2,0
LDB_UnitWork,1,2,1,0,2,33,2,0,1,1,5,1
LDB_AppSettings,1,0,2,0,0,61,0,0,0,-1,0,8
LDB_CardPaymentInfo,1,0,30,0,0,196,0,0,0,-1,0,7
LDB_CardPaymentRecordSearchCondition,0,0,1,0,0,7,0,0,2,-1,0,3
LDB_InfoFactory,0,2,0,0,2,75,2,0,0,-1,2,5
LDB_ParkingDataBuffer,1,1,4,0,1,49,1,0,0,0,0,4
LDB_SysparameterInfo,0,3,3,0,3,33,3,0,0,-1,0,3
FrmMain,12,18,0,0,1,597,50,0,0,0.5,10,1
FrmProcessing,4,5,0,0,2,116,7,0,0,0.4000000059604645,0,1
FrmWorkstationSelection,5,5,1,0,1,109,7,0,0,0,1,1
Program,0,1,0,0,0,22,2,0,0,-1,0,0
AlarmInfo,0,1,7,0,1,36,1,0,0,-1,0,0
AlarmType,0,0,0,0,0,63,0,0,0,-1,0,0
CardChargeRecord,0,1,14,0,1,64,1,0,0,-1,0,0
CardPaymentInfo,0,1,26,0,1,150,1,0,0,-1,0,2
CardPaymentInfoSerializer,0,2,0,0,2,76,4,0,0,-1,1,1
CardStatus,0,0,0,0,0,27,0,0,0,-1,0,0
CardType,0,10,26,0,10,406,14,0,0,-1,0,0
DatetimeInterval,0,4,2,0,4,62,6,0,0,-1,0,0
FreeAuthorizationLog,0,2,11,0,1,93,2,0,0,-1,0,2
FreeAuthorizationLogSerializer,0,2,0,0,2,53,3,0,0,-1,1,1
HolidayInfo,0,1,3,0,1,24,1,0,0,-1,0,1
MySetting,0,1,17,0,1,86,1,0,0,-1,1,1
OperatorInfo,2,1,6,0,1,43,1,0,0,0,0,0
ParkingStatus,0,0,0,0,0,54,0,0,0,-1,0,0
PaymentCode,0,0,0,0,0,22,0,0,0,-1,0,0
PaymentMode,0,0,0,0,0,23,0,0,0,-1,0,0
TariffType,0,0,0,0,0,19,0,0,0,-1,0,0
WegenType,0,0,0,0,0,5,0,0,0,-1,0,1
Resource1,2,1,16,0,0,167,1,0,0,0,0,1
Resources,2,1,2,0,0,41,1,0,0,0,0,0
Settings,1,0,1,0,0,12,0,0,0,-1,0,0
AppConifg,1,0,4,0,0,65,0,0,0,-1,0,1
InterfaceReturnCode,0,0,0,0,0,36,0,0,0,-1,0,1
IParkWebService,0,20,0,0,0,204,20,1,0,-1,3,0
WSCardPaymentInfo,0,2,13,0,2,108,2,0,0,-1,1,1
ParkWebService,0,34,0,0,31,788,93,0,1,-1,30,0
FrmAbout,5,6,0,0,1,133,7,0,0,0.6700000166893005,1,1
FrmColumnSelection,6,10,2,0,1,246,25,0,0,0.300000011920929,1,1
FrmLoginTool,16,11,0,6,1,422,27,0,0,0,5,0
FrmMain,27,25,0,0,1,552,37,0,0,0.2800000011920929,21,0
FrmPREBusinessDetail,6,9,0,0,1,171,13,0,1,0.3300000131130219,7,1
FrmPREBusinesses,12,9,0,0,1,251,12,0,1,0.6700000166893005,13,1
FrmPREChangePwd,10,7,1,0,1,235,14,0,0,0.2899999916553497,6,2
FrmPreferentialCancel,36,15,0,0,1,695,36,0,0,0.2000000029802322,19,1
FrmPreferentialCore,35,18,0,0,1,795,51,0,0,0.1700000017881393,17,1
FrmPreferentialReport,42,16,0,0,1,805,38,0,1,0.3100000023841858,18,1
FrmPREOperatorDetail,16,11,0,0,1,368,23,0,1,0.3600000143051147,10,1
FrmPREOperators,21,10,0,0,1,363,18,0,1,0.4000000059604645,10,1
FrmPREOperatorSelect,7,17,2,0,1,308,37,0,0,0.239999994635582,4,1
FrmPRERoleDetail,8,9,0,0,1,207,14,0,1,0.2199999988079071,6,1
FrmPRERoles,5,8,0,0,1,148,13,0,1,0.75,11,1
FrmPREWorkstationDetail,6,9,0,0,1,182,16,0,1,0.3300000131130219,8,1
FrmPREWorkstations,5,8,0,0,1,132,11,0,1,0.75,11,1
FrmPRESysOptions,16,9,0,0,1,355,19,0,0,0.2199999988079071,8,1
FrmPREWorksationSelect,7,17,2,0,1,305,36,0,0,0.239999994635582,3,1
PrintDataGridView,23,7,0,0,2,858,32,0,0,0.2899999916553497,0,1
Program,0,2,0,0,0,32,3,0,0,-1,0,0
Resource1,2,1,5,0,0,68,1,0,0,0,0,1
Resources,2,1,6,0,0,69,1,0,0,0,0,3
Settings,1,0,1,0,0,15,0,0,0,-1,0,0
ISnapShotCapture,0,1,0,0,0,10,1,2,0,-1,0,1
SnapShotCaptureService,1,3,1,0,3,41,4,0,1,0.6700000166893005,1,2
VideoCaptureManager,3,2,2,0,1,80,2,0,0,0,1,5
IVideoCapture,0,2,0,0,0,15,2,4,0,-1,1,5
